"","ID_IPEDS","year","degree_bach","public","enroll_ftug","grant_state","grant_federal"
"15760",220491,2012,0,0,10,46125,0
"15761",220491,2011,0,0,27,72025.339239,0
"15762",220491,2013,0,0,13,25961.17433,0
"15763",220491,2010,0,0,190,588631.63788,0
"15764",220491,2014,0,0,3,11460,0
"15765",454485,2010,0,0,34,123378.74185,0
"15766",454485,2012,0,0,30,124289.51427,0
"15767",454485,2013,0,0,16,70744.653504,0
"15768",454485,2011,0,0,38,141039.21198,0
"15769",220491,2015,0,0,10,42788,0
"15770",454485,2014,0,0,36,137972.050488,0
"15771",458812,2013,0,0,20,70957,0
"15772",458812,2010,0,0,43,169963.415424,0
"15773",458812,2015,0,0,15,35996.60625,0
"15774",458812,2014,0,0,21,59679.760497,2100
"15775",458812,2011,0,0,40,84775,0
"15776",458812,2012,0,0,25,44082.998,0
"15777",382771,2013,0,0,99,388907.601588,3960
"15778",368443,2012,1,0,17,57134.227096,0
"15779",382771,2010,0,0,93,378128.837268,0
"15780",382771,2014,0,0,110,457066.8025,8433.7
"15781",382771,2011,0,0,87,280383.148122,1740
"15782",368443,2015,1,0,35,65748.998,3151.049895
"15783",382771,2015,0,0,79,329914.446012,5618.48
"15784",382771,2012,0,0,118,385889.644196,2361.18
"15785",368443,2013,1,0,45,152773.40412,0
"15786",368443,2014,1,0,29,115512.9972,0
"15787",368443,2011,1,0,102,368713.49232,9048.42
"15788",368443,2010,1,0,199,1017829.559595,27185.389602
"15789",418889,2013,0,0,81,101519.379999,14117.605506
"15790",418889,2014,0,0,42,93648.24,29350.44
"15791",376677,2011,0,0,80,372168,0
"15792",418889,2010,0,0,74,197908.8671,118833.879612
"15793",418889,2011,0,0,97,174548.6288,28904.05903
"15794",376677,2014,0,0,30,59614.9974,0
"15795",376677,2010,0,0,124,576876.4704,37889.44
"15796",376677,2012,0,0,30,77661.375,0
"15797",418889,2012,0,0,87,67013.344188,6090
"15798",376677,2015,0,0,21,40410.255039,0
"15799",418889,2015,0,0,22,41558.45793,7425
"15800",376677,2013,0,0,37,129052.67,0
"15801",219602,2013,1,1,1237,3025823.859344,4532818.567354
"15802",219602,2015,1,1,1281,3397557.876405,4370743.648908
"15803",219602,2012,1,1,1182,3046522.676064,4280776.87248
"15804",219602,2010,1,1,1478,3665354.23166,4715474.824944
"15805",219602,2014,1,1,1184,2765914.4576,4121726.157472
"15806",219602,2011,1,1,1274,3277734.633264,4399792.47435
"15807",219994,2011,0,1,400,497281.7424,437294.7952
"15808",219994,2012,0,1,250,463967.406,324579.618
"15809",219994,2013,0,1,411,840022.636056,531785.071272
"15810",219994,2010,0,1,476,816499.301968,564448.828692
"15811",219994,2015,0,1,418,817816.774698,686322.69376
"15812",219994,2014,0,1,389,713980.559956,450637.13169
"15813",221254,2010,1,0,29,69351.431952,93419.541848
"15814",221254,2015,1,0,33,96317.00793,83510.838378
"15815",221254,2012,1,0,30,60927.69459,73395.53229
"15816",221254,2014,1,0,21,54986.4,64098.463842
"15817",221254,2013,1,0,26,45201,71028.75
"15818",221254,2011,1,0,23,29595.825,70739.375
"15819",222053,2014,0,1,1164,2495144.410056,1557011.007972
"15820",222053,2015,0,1,2125,4448669.443875,3914003.874
"15821",222053,2010,0,1,1414,3856275.228456,1455372.97542
"15822",222053,2013,0,1,1142,2453007.873528,1384160.522148
"15823",222053,2012,0,1,1157,2476447.113296,1523540.740098
"15824",222053,2011,0,1,1227,2818449.841872,1414840.000545
"15825",443340,2011,1,0,11,22225.5,9108
"15826",443340,2012,1,0,4,5650,0
"15827",443340,2015,1,0,2,0,0
"15828",443340,2014,1,0,4,6580,0
"15829",443340,2010,1,0,83,346518.486243,0
"15830",443340,2013,1,0,8,24558,0
"15831",220279,2013,0,1,237,358782.01866,230226.191136
"15832",220279,2011,0,1,323,447684.319818,246235.84261
"15833",220279,2015,0,1,312,451841.685672,444485.27136
"15834",220279,2014,0,1,296,462354.707808,284693.54
"15835",220279,2010,0,1,317,428450.445681,296502.426228
"15836",220279,2012,0,1,277,463829.50575,314144.196444
"15837",382780,2013,0,0,170,429356.45808,0
"15838",382780,2010,0,0,289,969217.285092,0
"15839",219949,2013,1,0,212,424838.953536,733003.08252
"15840",382780,2012,0,0,226,825380.26017,0
"15841",382780,2011,0,0,257,773071.95456,0
"15842",219949,2010,1,0,163,298485.6,581951.092137
"15843",219949,2015,1,0,200,360225.6544,776357.264
"15844",382780,2015,0,0,147,356620.658625,0
"15845",382780,2014,0,0,122,240070.929,0
"15846",219949,2011,1,0,191,335448.97958,625499.470749
"15847",219949,2012,1,0,212,426051.876768,780564.48222
"15848",219949,2014,1,0,178,293866.875,641402.81124
"15849",221607,2013,0,1,101,242400.033229,134060.948221
"15850",221607,2011,0,1,115,247037.9952,121680.1683
"15851",221607,2010,0,1,189,421665.34851,219152.480337
"15852",221607,2012,0,1,118,306473.831008,141158.562
"15853",221607,2014,0,1,93,252056.257992,168561.390324
"15854",221607,2015,0,1,93,207317.46,139738.100832
"15855",448664,2011,0,0,116,390783.6333,6960
"15856",448664,2010,0,0,92,384404.647972,0
"15857",461564,2015,0,0,11,37476.0012,0
"15858",448664,2015,0,0,63,236378.446668,0
"15859",448664,2012,0,0,107,436100.162043,7848.45
"15860",221157,2012,0,0,163,633544.762003,6520
"15861",392798,2012,0,0,17,57289.819664,0
"15862",467623,2012,0,0,57,232404.54048,0
"15863",221157,2013,0,0,156,735280.8372,17680.00104
"15864",392798,2011,0,0,17,64864.8175,0
"15865",221157,2011,0,0,189,607396.461966,9449.999622
"15866",392798,2014,0,0,3,3811.5,0
"15867",461564,2014,0,0,16,62192.363904,0
"15868",461564,2013,0,0,23,67992.6,0
"15869",221157,2010,0,0,186,657546.716028,5580
"15870",392798,2015,0,0,3,6771.69,0
"15871",392798,2013,0,0,6,20321.388498,0
"15872",368452,2014,1,0,81,107775.410625,7029.6428259
"15873",221157,2015,0,0,138,582320.866512,9660
"15874",467623,2011,0,0,68,263873.248668,0
"15875",368452,2010,1,0,115,182498.30056,6900
"15876",448664,2013,0,0,100,383390.0048,667
"15877",448664,2014,0,0,94,379099.779344,3760
"15878",221157,2014,0,0,148,706443.818808,4440
"15879",392798,2010,0,0,28,105225.68,0
"15880",467623,2013,0,0,47,198860.599119,0
"15881",467623,2014,0,0,45,165541.9932,0
"15882",368452,2015,1,0,62,117760.899824,11160
"15883",368452,2011,1,0,90,108765,6300
"15884",368452,2012,1,0,92,160487.376,9200
"15885",368452,2013,1,0,83,103570.92086,4150
"15886",444255,2010,1,0,315,1230272.27568,56954.9547
"15887",444255,2014,1,0,10,38638,10257
"15888",444255,2013,1,0,21,59165.715,2101.05
"15889",444255,2011,1,0,153,587893.937202,17526.428766
"15890",444255,2012,1,0,14,57139.83534,0
"15891",444255,2015,1,0,42,175034.050506,2448.6
"15892",221102,2014,0,1,446,626065.102644,343373.047796
"15893",221102,2010,0,1,457,655524.918941,431545.087204
"15894",221102,2011,0,1,497,804638.013102,481655.35362
"15895",221102,2012,0,1,510,885242.6235,536629.02678
"15896",221102,2013,0,1,493,728680.458324,393611.42185
"15897",460710,2014,0,0,19,46512,0
"15898",221102,2015,0,1,424,786401.28,672718.308416
"15899",460710,2013,0,0,22,44553.9985,0
"15900",460710,2011,0,0,77,223702.068128,0
"15901",460710,2012,0,0,26,76634.555998,0
"15902",220978,2012,1,1,3068,7403196.448336,12904685.635296
"15903",220978,2010,1,1,3793,9681675.85399,14295880.7224
"15904",220978,2013,1,1,3129,7670559.752604,13201935.03069
"15905",220978,2015,1,1,2793,6939453.605301,10782029.49768
"15906",220978,2011,1,1,3466,7967266.9919,14620161.34572
"15907",220978,2014,1,1,3036,7213860.615192,13050980.481264
"15908",484598,2014,0,0,13,33843.94,0
"15909",484598,2015,0,0,6,12877.0005,0
"15910",446075,2015,0,0,4,14214,0
"15911",221494,2014,0,1,390,513103.56552,424352.86608
"15912",446075,2011,0,0,18,65286,0
"15913",446075,2012,0,0,15,66963.56418,0
"15914",446075,2010,0,0,26,110373.455088,10270
"15915",446075,2013,0,0,8,33694,0
"15916",446075,2014,0,0,11,45715.67,0
"15917",221494,2013,0,1,440,476051.81316,556208.26976
"15918",221494,2011,0,1,621,594619.6095,624911.847912
"15919",221494,2012,0,1,464,501934.585872,582781.9584
"15920",221494,2015,0,1,509,974096.982243,619621.220428
"15921",221494,2010,0,1,531,508161.8493,533633.76
"15922",446525,2013,0,0,39,66613.213134,0
"15923",220464,2010,0,0,19,30282.492904,15622.539385
"15924",446525,2012,0,0,52,160822.807236,2080
"15925",220464,2013,0,0,21,36037.68,17745.750792
"15926",220464,2012,0,0,18,53490.565476,31565.16
"15927",446525,2010,0,0,182,451530.81064,11528.79
"15928",220464,2011,0,0,17,38945.866168,31427.2625
"15929",446525,2015,0,0,61,204627.267936,25416.66565
"15930",446525,2014,0,0,64,163415.291392,3840
"15931",220464,2015,0,0,15,34194.9987,66313.2
"15932",446525,2011,0,0,170,371209.297,5666.95
"15933",220464,2014,0,0,11,25944.417675,32601.8
"15934",219976,2015,1,0,662,698332.702232,1298830.4952
"15935",219976,2010,1,0,668,1157439.336824,1693536.930568
"15936",219976,2012,1,0,670,721233.58814,1561845.49895
"15937",219976,2014,1,0,626,560883.99019,1436506.953918
"15938",219976,2011,1,0,629,787583.699521,1585108.384254
"15939",219976,2013,1,0,683,695526.327231,1545415.020198
"15940",219578,2010,1,0,17,52414.174835,55430.625
"15941",219578,2013,1,0,34,56093.668384,80534.66916
"15942",219578,2014,1,0,29,65427.67836,42528.5
"15943",220206,2013,1,0,62,179829.228474,68944.00248
"15944",220206,2014,1,0,51,119748.356235,32742
"15945",219578,2015,1,0,29,37671.098165,32480.001015
"15946",220206,2012,1,0,60,133507.0011,98505
"15947",219578,2012,1,0,18,32425.0002,66284.266032
"15948",219578,2011,1,0,20,37684,75838.0012
"15949",220206,2015,1,0,44,99399.774144,55620.18198
"15950",220206,2010,1,0,44,64409.4,59840
"15951",220206,2011,1,0,54,128383.762104,48109.09032
"15952",221148,2015,0,0,429,1119384.14016,8580
"15953",221148,2014,0,0,439,1326904.195151,7902
"15954",221148,2010,0,0,1639,5031665.698752,31141
"15955",221148,2013,0,0,581,1896144.131826,31955.001162
"15956",221148,2011,0,0,922,2542268.14845,16596
"15957",221148,2012,0,0,1165,3784182.7308,22135
"15958",219505,2012,1,0,16,33589.332832,960
"15959",219505,2015,1,0,13,71002.0012,4875
"15960",219505,2011,1,0,14,42988.089088,0
"15961",219505,2013,1,0,15,50779.63701,2100
"15962",219505,2010,1,0,8,19625,1040
"15963",219505,2014,1,0,11,62507.9994,19108.570624
"15964",220181,2010,1,0,194,594526.431202,224121.05692
"15965",220181,2012,1,0,221,699234.873584,218004.857941
"15966",220181,2013,1,0,217,610000.124377,187256.039152
"15967",220181,2011,1,0,122,389287.17212,97599.99756
"15968",220181,2015,1,0,208,609329.966336,139017.645104
"15969",461564,2011,0,0,50,266400,0
"15970",461564,2012,0,0,38,175049.722776,0
"15971",220181,2014,1,0,221,648000.355184,150326.158944
"15972",221184,2011,0,1,875,2976461.016375,547694.464625
"15973",221184,2013,0,1,844,3057295.16394,630982.024696
"15974",403414,2013,0,0,5,24463.0005,0
"15975",221184,2010,0,1,889,2756574.694104,437694.493418
"15976",221838,2014,1,1,1378,4942255.066164,2131667.912582
"15977",221838,2012,1,1,1017,3826336.785579,1725268.331646
"15978",221184,2015,0,1,1798,5667935.298678,3647330.127484
"15979",403414,2014,0,0,2,9550,0
"15980",221184,2014,0,1,1043,4072571.919752,1003622.624935
"15981",443359,2014,0,0,132,376499.9964,0
"15982",221838,2011,1,1,1144,4523334.802272,1841922.420624
"15983",403414,2012,0,0,2,8055,0
"15984",443359,2015,0,0,67,183412.5,0
"15985",248925,2014,0,1,668,1549693.202672,738970.166352
"15986",221838,2015,1,1,1397,5462979.233151,2022379.213679
"15987",443359,2012,0,0,151,407720.7625,0
"15988",221838,2013,1,1,1326,4972816.481724,2228245.385184
"15989",248925,2010,0,1,599,2058225.446019,1024620.63602
"15990",443359,2011,0,0,126,389391.9876,0
"15991",443359,2010,0,0,115,338183.71172,0
"15992",221838,2010,1,1,1291,5661721.812,2054962.255534
"15993",248925,2011,0,1,647,2424826.219564,967984.762914
"15994",443359,2013,0,0,146,378651,0
"15995",248925,2013,0,1,666,1934717.66568,748496.602152
"15996",221184,2012,0,1,825,2868923.29185,568669.69005
"15997",403414,2011,0,0,4,13204,0
"15998",248925,2012,0,1,573,1662545.389302,728110.59576
"15999",403414,2010,0,0,11,30739.157878,0
"16000",248925,2015,0,1,775,1801720.37355,1111535.895375
"16001",221892,2015,1,0,354,580436.83278,712079.208198
"16002",221892,2011,1,0,262,447128.807,555131.115886
"16003",221892,2012,1,0,234,416895.722334,564171.9993
"16004",221892,2010,1,0,241,559146.438664,499070.860245
"16005",221892,2013,1,0,245,396849.76373,573309.98375
"16006",221892,2014,1,0,318,594694.497276,718588.50504
"16007",482617,2015,1,0,6,30618.999,0
"16008",388043,2014,0,0,10,44985,0
"16009",388043,2015,0,0,25,141635.9975,0
"16010",452124,2010,0,0,194,404592.347222,95350.405584
"16011",452124,2011,0,0,85,386040.78125,14702.45
"16012",388043,2010,0,0,36,169688.439648,31059.270396
"16013",452124,2014,0,0,68,246469.889328,10712.266576
"16014",452124,2012,0,0,59,284912.696604,5868.14
"16015",388043,2013,0,0,43,208970.401024,0
"16016",440110,2011,0,0,171,334313.72271,1710
"16017",440110,2012,0,0,174,591546.31056,0
"16018",440110,2010,0,0,509,1985125.726896,32998.68887
"16019",452124,2015,0,0,45,215645.0121,4080.6
"16020",388043,2012,0,0,33,175021.678788,4957.92
"16021",388043,2011,0,0,46,234471.82031,1226.36
"16022",452124,2013,0,0,67,291946.483668,9924.375
"16023",219709,2013,1,0,1243,1029101.86269,1443350.143334
"16024",219709,2010,1,0,1015,843533.903275,1366074.88276
"16025",219709,2014,1,0,1392,1251826.023168,1614794.641824
"16026",219709,2011,1,0,1153,848087.031939,1550794.251672
"16027",219709,2015,1,0,1387,1018590.24738,1360596.269088
"16028",219709,2012,1,0,1254,823251.70224,1515613.77495
"16029",442170,2010,1,0,145,649899.234325,0
"16030",446817,2011,1,0,34,129349.07096,2040
"16031",442170,2012,1,0,148,609866.530104,0
"16032",483887,2014,0,0,36,51002.58312,14715
"16033",445249,2013,0,0,82,351960.63903,19710.704244
"16034",442170,2011,1,0,204,882791.41662,0
"16035",481340,2013,0,0,38,55720.78529,0
"16036",483887,2015,0,0,22,51841.386168,0
"16037",220002,2015,1,0,37,180241.857757,2466.975
"16038",446817,2010,1,0,98,350466.280528,5227.32
"16039",445249,2015,0,0,61,211335.85664,0
"16040",481340,2014,0,0,15,31543.71348,0
"16041",446817,2012,1,0,19,78384.5,0
"16042",445249,2014,0,0,139,499726.545,14107.11
"16043",445249,2012,0,0,110,384896.43291,8433.7
"16044",445249,2011,0,0,149,541514.629726,31440.986766
"16045",151494,2014,1,0,73,260911.25275,0
"16046",484747,2014,1,0,23,86232.328686,0
"16047",450535,2012,1,0,7,36382.0009,0
"16048",151494,2013,1,0,50,178524,0
"16049",445249,2010,0,0,137,580878.15324,28218.2325
"16050",449010,2014,1,0,190,717845.95818,221892.05936
"16051",449010,2015,1,0,209,703831.814224,240141.769956
"16052",450535,2010,1,0,10,37576,0
"16053",151494,2012,1,0,55,159077.68822,2200
"16054",151494,2011,1,0,71,248616.59336,2840.355
"16055",450535,2015,1,0,2,7219,0
"16056",450535,2011,1,0,16,67932.981248,0
"16057",151494,2010,1,0,99,406418.37786,660.33
"16058",449010,2013,1,0,293,1014032.523808,364463.872
"16059",450535,2014,1,0,7,36751.9992,3528
"16060",484747,2015,1,0,1,6275,0
"16061",449010,2011,1,0,247,719213.594463,251217.785832
"16062",481340,2015,0,0,19,8410.667072,0
"16063",449010,2010,1,0,255,960723.147015,326330.49312
"16064",450535,2013,1,0,7,23603.416466,0
"16065",449010,2012,1,0,238,748184.449082,266742.020496
"16066",220002,2010,1,0,208,511823.471536,33284.160624
"16067",220002,2011,1,0,26,123967.336896,1040
"16068",246202,2014,0,0,208,526547.94296,10443.263584
"16069",220002,2014,1,0,4,9645,5250
"16070",220002,2013,1,0,13,51350,2080
"16071",220002,2012,1,0,10,25755,0
"16072",246202,2010,0,0,348,1178846.985624,11310
"16073",246202,2015,0,0,483,1687428.95076,55650.493962
"16074",246202,2012,0,0,183,587254.609872,1218.78
"16075",246202,2011,0,0,219,801955.745658,14174.775
"16076",246202,2013,0,0,183,582957.427296,0
"16077",392840,2010,1,0,49,165668.131426,130848.842558
"16078",392840,2014,1,0,49,64711.813005,73471.278454
"16079",392840,2013,1,0,53,76812.25552,62590.47508
"16080",392840,2012,1,0,47,121109.717547,82868.4166
"16081",392840,2011,1,0,73,69907.78716,76135.450594
"16082",392840,2015,1,0,43,58972.763445,77308.234689
"16083",221999,2013,1,0,1613,1152934.713868,792081.823671
"16084",221999,2014,1,0,1604,1061875.48454,663171.04112
"16085",221999,2011,1,0,1600,1081075.408,947292.3328
"16086",221999,2010,1,0,1600,2188812.832,1144391.5184
"16087",221999,2012,1,0,1608,1071169.0392,792694.045872
"16088",221999,2015,1,0,1607,1272886.534472,750877.928469
"16089",221731,2013,1,0,208,389545.42848,733123.772784
"16090",221731,2014,1,0,197,468857.27746,802774.54296
"16091",221731,2015,1,0,212,435361.08,702072.999928
"16092",221731,2010,1,0,218,607462.279088,889567.312
"16093",221731,2011,1,0,206,367814.66139,741661.70112
"16094",221731,2012,1,0,218,479277.112134,866082.023324
"16095",220613,2015,1,0,826,1363195.874852,1677546.688244
"16096",220613,2013,1,0,808,1190992.85648,1730452.159296
"16097",221980,2010,0,0,25,42174.9988,0
"16098",221980,2012,0,0,5,11100,0
"16099",220613,2014,1,0,746,1075728.216288,1465168.9164
"16100",220613,2010,1,0,851,1610469.46956,1615803.378423
"16101",220613,2011,1,0,870,1360517.27085,1628472.65376
"16102",221980,2011,0,0,5,11100,0
"16103",221980,2014,0,0,10,57300,0
"16104",220613,2012,1,0,846,1346793.466392,1822077.43218
"16105",221980,2013,0,0,6,10989,0
"16106",404718,2010,0,0,113,362816.212785,0
"16107",404718,2013,0,0,51,121339.613916,0
"16108",404718,2012,0,0,54,162030.639384,0
"16109",404718,2011,0,0,80,188687.63376,0
"16110",404718,2014,0,0,42,88157.16,0
"16111",219879,2014,0,1,708,1806671.7273,1220689.4739
"16112",219879,2015,0,1,768,1919942.890752,1915297.772544
"16113",219879,2012,0,1,687,1842280.645392,1021819.965222
"16114",219879,2013,0,1,689,1972660.119144,1145117.250368
"16115",219879,2011,0,1,746,2072830.912136,944025.582132
"16116",404718,2015,0,0,17,47314.033548,0
"16117",219879,2010,0,1,645,1836770.609295,728106.181485
"16118",221661,2013,1,0,480,844590.72384,317625.012
"16119",221661,2011,1,0,638,957614.080104,504752.301504
"16120",221661,2014,1,0,553,877377.767273,426000.700944
"16121",221661,2015,1,0,535,793278.291135,352586.80125
"16122",221661,2012,1,0,557,920731.032684,404088.313952
"16123",221661,2010,1,0,613,1069515.569252,418266.0832
"16124",219790,2011,1,0,234,464560.5276,662585.64489
"16125",219790,2012,1,0,195,354479.932755,542660.66634
"16126",219790,2013,1,0,187,430560.750048,599870.177544
"16127",219790,2015,1,0,164,301288.69024,452723.25952
"16128",219790,2014,1,0,188,377573.703632,532264.716588
"16129",219790,2010,1,0,233,572845.919008,683110.559175
"16130",220163,2015,0,0,24,66654.380544,0
"16131",220163,2013,0,0,32,89924.5536,0
"16132",220163,2012,0,0,22,34983.63,0
"16133",220163,2014,0,0,19,43892.992899,0
"16134",220163,2010,0,0,34,75870.933632,0
"16135",220163,2011,0,0,39,108745.472784,0
"16136",220312,2014,1,0,83,318151.27404,220479.61304
"16137",220312,2013,1,0,82,250003.966602,203524.5576
"16138",220312,2015,1,0,91,253305.436202,215499.451167
"16139",220312,2011,1,0,79,306124.29769,141871.72498
"16140",220312,2012,1,0,88,278871.67616,201883.93676
"16141",220312,2010,1,0,57,179069.21298,63077.625
"16142",458007,2014,0,0,62,250098.130716,0
"16143",458007,2011,0,0,65,164827.73957,0
"16144",458007,2013,0,0,54,170783.0028,0
"16145",458007,2015,0,0,104,213085.166528,0
"16146",458007,2012,0,0,78,255863.905752,0
"16147",458007,2010,0,0,78,271886.214288,0
"16148",219596,2013,0,1,175,597982.64995,371030.281125
"16149",219596,2010,0,1,252,449711.293248,386527.098132
"16150",219596,2014,0,1,170,460856.9882,326968.90772
"16151",219596,2011,0,1,265,444919.2855,341469.408855
"16152",219596,2012,0,1,185,586490.5224,328959.933
"16153",219596,2015,0,1,232,502581.597216,440300.819288
"16154",221519,2012,1,0,453,462331.8,535501.903824
"16155",221519,2013,1,0,488,485550.23024,459855.521344
"16156",221519,2015,1,0,469,391247.508015,439280.19226
"16157",221519,2014,1,0,466,472602.091814,508447.793676
"16158",221519,2010,1,0,401,367074.18096,430778.26
"16159",221519,2011,1,0,433,395308.353694,534298.16335
"16160",221096,2010,0,1,1009,2250798.756304,963558.974664
"16161",469993,2012,0,0,11,36111.075,2970
"16162",469993,2014,0,0,19,55765.152,0
"16163",221096,2013,0,1,925,1865479.7122,1072125.9601
"16164",221096,2012,0,1,811,1600869.025995,949224.030696
"16165",221096,2011,0,1,994,2113876.525936,1064107.518782
"16166",221096,2015,0,1,1796,3660618.34418,5212181.0739
"16167",221096,2014,0,1,916,1911847.579852,1436059.208848
"16168",469993,2013,0,0,10,39538.999,0
"16169",469993,2011,0,0,19,77833.608965,2850
"16170",469993,2015,0,0,12,35024.34,0
"16171",221740,2015,1,1,1853,2538720.900197,6845559.11685
"16172",221740,2012,1,1,2284,3332314.888,9738431.10612
"16173",221740,2010,1,1,1940,3441997.1887,7716142.5946
"16174",221740,2013,1,1,2335,3497353.134625,10015309.21209
"16175",221740,2011,1,1,2170,3341443.79016,9071619.1839
"16176",221740,2014,1,1,2144,3336751.07696,8892677.809088
"16177",221856,2013,1,0,130,365088.79862,95808.08744
"16178",221856,2012,1,0,95,321229.12875,39425.001615
"16179",221856,2010,1,0,109,340861.47768,21021.427824
"16180",221856,2014,1,0,62,129667.298976,47072.30619
"16181",221856,2011,1,0,87,205392.5667,88740
"16182",219824,2015,0,1,1830,4301582.37546,3810154.11324
"16183",219824,2014,0,1,1163,3282383.572713,1192235.012518
"16184",219824,2013,0,1,1168,3342231.19992,1124333.04688
"16185",219824,2011,0,1,1158,3346869.876714,977176.410144
"16186",219824,2010,0,1,1418,4254909.549158,1040315.91979
"16187",219824,2012,0,1,1168,3367872.342464,1111347.49152
"16188",450289,2015,0,0,38,172829.672868,0
"16189",450289,2014,0,0,64,273177.158208,0
"16190",450289,2012,1,0,53,169868.9962,707.02
"16191",450289,2011,1,0,16,68365,0
"16192",220118,2010,0,0,64,310226.39648,10035.2
"16193",220118,2011,0,0,57,175621.162824,9120
"16194",450261,2010,1,0,55,186793.855985,1833.7
"16195",450261,2013,1,0,51,194548.994976,0
"16196",450261,2014,1,0,55,171579.740695,0
"16197",220118,2013,0,0,26,75064.219672,11711.7
"16198",220118,2012,0,0,58,204602.25,10944.6
"16199",450261,2012,1,0,17,56133.544655,0
"16200",450289,2010,1,0,94,487651.25279,2506.98
"16201",450289,2013,0,0,69,289338.462312,919.08
"16202",450261,2011,1,0,11,32255.52,0
"16203",220118,2014,0,0,81,234220.41,27588.6
"16204",220118,2015,0,0,50,180655.0032,36666
"16205",443650,2012,0,0,80,311772.77432,7500
"16206",450492,2010,1,0,52,264975.36,0
"16207",458353,2014,0,0,39,124718.0025,0
"16208",458353,2011,0,0,62,205725.57621,0
"16209",458353,2013,0,0,28,95993.665264,0
"16210",450492,2011,1,0,42,215981.773938,0
"16211",443650,2011,0,0,60,219690.9972,3600
"16212",458353,2010,0,0,62,212793.105506,0
"16213",443650,2010,0,0,29,123778.2176,0
"16214",443650,2013,0,0,72,298562.246064,2880.36
"16215",443650,2015,0,0,62,309470.77854,5511.8
"16216",458353,2012,0,0,66,243518.330484,0
"16217",450492,2012,1,0,53,228722.996084,0
"16218",443650,2014,0,0,77,344901.545989,1540
"16219",484358,2014,0,0,235,725300.598375,0
"16220",451918,2014,0,0,36,155754.45,0
"16221",451918,2010,0,0,129,337210.932186,0
"16222",451918,2015,0,0,28,94131.813692,0
"16223",451918,2013,0,0,50,133124.005,0
"16224",451918,2011,0,0,228,459805.817952,0
"16225",451918,2012,0,0,110,261401.06916,0
"16226",484358,2015,0,0,207,484178.672835,0
"16227",220075,2012,1,1,2038,4145437.04446,6965696.027108
"16228",220075,2015,1,1,1980,4340198.62584,6271845.44976
"16229",220075,2010,1,1,2053,4916614.732,6486465.96171
"16230",220075,2011,1,1,2105,4661533.34075,7245673.6302
"16231",220075,2014,1,1,2025,4453559.7552,7208162.8245
"16232",220075,2013,1,1,1849,4114775.333445,6399744.65515
"16233",459648,2012,1,0,11,41812.712414,0
"16234",459648,2013,1,0,47,151395.847421,626.98
"16235",459648,2014,1,0,18,79748.56125,0
"16236",459648,2011,1,0,8,37615,0
"16237",459648,2010,1,0,57,226502.04,0
"16238",221908,2014,0,1,1060,2817075.87712,1562617.18536
"16239",221908,2011,0,1,967,2750131.99615,1268678.192704
"16240",221908,2015,0,1,1433,3488674.6116,3817412.671605
"16241",221908,2010,0,1,1140,3371425.57242,1085904.07932
"16242",221908,2013,0,1,896,2543753.611392,1310714.259456
"16243",221908,2012,0,1,951,2510516.66481,1200317.443803
"16244",220516,2010,1,0,227,522981.21627,468506.71875
"16245",220516,2014,1,0,188,384979.889184,303820.873488
"16246",220516,2011,1,0,174,332444.413224,385296.782724
"16247",220516,2013,1,0,241,426360.229262,435940.006736
"16248",220516,2012,1,0,226,466299.972138,498490.145634
"16249",220516,2015,1,0,154,349953.71103,231335.847204
"16250",220127,2014,0,1,666,1549877.4711,711462.2256
"16251",220127,2015,0,1,733,1623417.522375,777038.978646
"16252",220127,2012,0,1,755,757231.63957,604364.1516
"16253",220127,2010,0,1,795,1362155.067,581855.65209
"16254",220127,2013,0,1,592,1413470.47168,528279.463728
"16255",220127,2011,0,1,843,1255541.013285,719885.029392
"16256",221014,2011,1,0,204,328804.599408,621947.64996
"16257",221014,2010,1,0,176,303486.15968,453283.227584
"16258",486901,2015,1,0,187,226399.393154,450075.1717
"16259",221014,2013,1,0,206,320999.336436,604311.750728
"16260",221014,2012,1,0,174,245696.619264,477144.2442
"16261",221953,2012,1,0,331,932587.026584,811784.485755
"16262",221953,2014,1,0,298,898306.777056,781277.85993
"16263",221953,2010,1,0,370,1416079.55406,1062744.192
"16264",221953,2011,1,0,298,903098.5956,790018.533094
"16265",221953,2015,1,0,283,839112.439592,721945.894329
"16266",221953,2013,1,0,315,838506.191355,849323.31561
"16267",221397,2011,0,1,1068,2961544.720464,1752978.63168
"16268",221397,2012,0,1,916,2334614.66394,1530426.015244
"16269",220251,2013,0,1,380,818672.56544,311220
"16270",221397,2015,0,1,1105,2939101.240335,3294369.65884
"16271",221397,2013,0,1,886,2165189.7002,1396158.60951
"16272",221397,2014,0,1,854,1939938.5005,1410448.818702
"16273",220251,2011,0,1,323,757084.605724,329525.023776
"16274",221397,2010,0,1,1217,3463470.931712,1617186.347315
"16275",220251,2015,0,1,293,592863.916741,399909.04011
"16276",220251,2010,0,1,341,746806.31685,384593.435226
"16277",220251,2012,0,1,366,693653.94576,305087.619546
"16278",220251,2014,0,1,301,637859.955264,296844.178785
"16279",220631,2011,1,0,312,960667.135272,1330718.776296
"16280",220631,2012,1,0,234,670407.611328,642104.954946
"16281",220631,2013,1,0,185,481543.45415,843937.2883
"16282",220631,2010,1,0,327,887169.22371,1230235.806924
"16283",220631,2014,1,0,250,721100.84475,666580.761
"16284",220631,2015,1,0,243,686634.648327,645539.981562
"16285",221582,2014,0,1,149,489403.04133,193363.335394
"16286",221582,2013,0,1,179,577425.505706,293560
"16287",221582,2015,0,1,142,489397.375664,39094.02
"16288",221582,2012,0,1,168,498406.44,172436.88
"16289",221582,2011,0,1,239,743118.998846,279477.487408
"16290",221582,2010,0,1,336,887799.22728,323363.61288
"16291",220394,2015,0,1,109,313422.385788,188890.4164
"16292",220394,2013,0,1,93,475578.883362,188033.013108
"16293",220394,2010,0,1,83,391087.352562,101288.316612
"16294",220394,2012,0,1,95,426760.425,177152.37936
"16295",220394,2011,0,1,105,471313.75788,202162.87644
"16296",220394,2014,0,1,70,362821.34175,131239.9998
"16297",219806,2011,1,0,445,812289.7746,1478036.6882
"16298",219806,2012,1,0,453,1014975.828126,1629974.079981
"16299",219806,2015,1,0,497,973849.354674,1662671.249533
"16300",219806,2010,1,0,427,1021164.153072,1384051.920384
"16301",219806,2014,1,0,488,986876.073568,1675104.89112
"16302",219806,2013,1,0,478,963875.506968,1895278.671398
"16303",220710,2014,1,0,334,1005820.629674,1079189.23032
"16304",220710,2011,1,0,293,632485.47843,1358830.562796
"16305",220710,2015,1,0,338,835540.303416,953416.118148
"16306",220710,2012,1,0,313,735831.72504,1421071.249368
"16307",220710,2013,1,0,349,840454.108389,1291020.8
"16308",220710,2010,1,0,277,737180.213847,1012659.223744
"16309",222062,2012,0,1,1320,3408845.75592,2194258.68288
"16310",222062,2010,0,1,1415,3717768.69072,1898126.69035
"16311",221050,2012,0,1,393,587261.642955,691483.787676
"16312",221050,2014,0,1,450,833110.1559,694942.4691
"16313",222062,2011,0,1,1356,3715828.184832,2124026.693652
"16314",222062,2015,0,1,1545,3890995.48869,4078708.83882
"16315",222062,2013,0,1,1196,3183635.040768,2112400.86616
"16316",222062,2014,0,1,1238,3024262.851452,2188284.878016
"16317",221050,2015,0,1,473,918262.651383,781393.307211
"16318",221050,2013,0,1,396,736266.738636,632592.387504
"16319",221050,2010,0,1,463,636999.55774,555524.4384
"16320",221050,2011,0,1,427,637335.08454,531850.163845
"16321",486442,2015,0,0,56,112018.036032,0
"16322",220552,2013,1,0,183,629703.221796,338780.403588
"16323",220552,2011,1,0,256,857317.416192,315871.062528
"16324",220552,2012,1,0,198,621519.784974,367144.976484
"16325",220552,2015,1,0,204,586883.218284,578355.072744
"16326",220552,2014,1,0,147,629985.21096,236692.916271
"16327",220552,2010,1,0,299,1320374.3124,449753.101525
"16328",220570,2011,0,0,60,172367.92704,0
"16329",220570,2012,0,0,55,138775.1101,0
"16330",220570,2013,0,0,47,145179.446142,0
"16331",220570,2010,0,0,55,132076.31778,0
"16332",220570,2014,0,0,21,62697.860505,0
"16333",475617,2013,1,0,126,521191.228572,0
"16334",221795,2011,1,0,57,115710,16957.5
"16335",221795,2010,1,0,69,176093.74839,16560
"16336",475617,2012,1,0,157,697459.301952,0
"16337",475617,2014,1,0,101,397943.2017,11639.239899
"16338",475617,2015,1,0,51,202170.375,12045.18
"16339",221625,2010,0,1,650,987725.83715,657880.509
"16340",221625,2013,0,1,539,1451625.134652,547961.12833
"16341",221625,2012,0,1,491,1163294.824445,676834.01388
"16342",221625,2011,0,1,442,1042503.554092,626999.919468
"16343",248660,2014,0,0,62,239558.08,0
"16344",467553,2011,0,0,39,148180.297122,0
"16345",467553,2014,0,0,30,112494.21102,0
"16346",221625,2015,0,1,536,1860835.496576,899156.79288
"16347",221625,2014,0,1,641,2024682.20178,450814.132098
"16348",467553,2013,0,0,47,215805.111452,0
"16349",467553,2012,0,0,53,195473.263446,0
"16350",248660,2013,0,0,12,38741.9985,0
"16351",248660,2015,0,0,26,109246.33109,0
"16352",221829,2010,0,0,172,180243.873656,0
"16353",221829,2011,0,0,159,233461.807227,0
"16354",221829,2015,0,0,154,304710.95424,0
"16355",221829,2014,0,0,130,307742.6625,0
"16356",221829,2013,0,0,109,263665.349004,0
"16357",221829,2012,0,0,129,224453.55,0
"16358",248660,2011,0,0,27,61611.220188,0
"16359",486716,2015,0,0,34,94332.893716,0
"16360",248660,2010,0,0,39,125934.243474,0
"16361",248660,2012,0,0,5,16575,0
"16362",366650,2014,1,0,41,154507.2741,0
"16363",366650,2013,1,0,49,176192.33016,1960
"16364",221795,2014,1,0,80,236212.9856,34755.55576
"16365",366650,2010,1,0,111,447905.202,2960.37
"16366",221795,2013,1,0,46,155973.78286,10120
"16367",474702,2012,1,0,17,77792,0
"16368",366650,2011,1,0,68,252103.890744,0
"16369",221795,2015,1,0,55,170794.97688,39748.5
"16370",474702,2011,1,0,25,118300.0038,0
"16371",221795,2012,1,0,38,118051.617836,23417.5
"16372",366650,2012,1,0,59,221609.35071,0
"16373",221643,2011,0,1,1771,4064751.567184,2150330.020685
"16374",221643,2015,0,1,2324,4609782.321984,6149495.33492
"16375",221643,2012,0,1,1728,3985811.94528,2794192.374528
"16376",221643,2014,0,1,1966,4383784.39165,3637326.127354
"16377",221643,2013,0,1,1900,4355246.1865,3228571.3406
"16378",221643,2010,0,1,1762,4185951.197688,1494658.733378
"16379",221759,2013,1,1,4261,5416778.592416,17412175.659208
"16380",221759,2012,1,1,4197,5490882.84735,17980517.079624
"16381",221759,2011,1,1,4175,5525982.34655,17627170.473
"16382",221759,2015,1,1,4700,5947442.886,16598813.5197
"16383",221759,2014,1,1,4689,6060840.42663,18336639.585096
"16384",221759,2010,1,1,4199,6167812.326923,16871217.40083
"16385",220473,2013,1,0,162,379208.881368,300001.751568
"16386",220473,2011,1,0,156,341648.098428,150244.131492
"16387",220473,2012,1,0,179,353688.975098,172827.590256
"16388",220473,2014,1,0,187,354096.22116,206848.186545
"16389",220473,2010,1,0,157,362189.163165,289638.753525
"16390",220473,2015,1,0,174,282409.52898,189661.0179
"16391",456940,2013,0,0,43,162548.032185,0
"16392",413884,2012,1,0,49,142893.511488,0
"16393",413884,2011,1,0,80,272564.9984,1600
"16394",413884,2013,1,0,82,259897.279312,0
"16395",456940,2012,0,0,47,176850.831456,0
"16396",456940,2011,0,0,97,491978.984906,0
"16397",456940,2014,0,0,68,344538.558612,0
"16398",413884,2010,1,0,112,421362.623584,5225.920224
"16399",456940,2015,0,0,60,274775.0001,0
"16400",413884,2014,1,0,93,382862.420274,0
"16401",456940,2010,0,0,58,222627.044328,2320
"16402",443890,2012,1,0,125,648075,0
"16403",443890,2010,1,0,126,612890.169066,0
"16404",443890,2011,1,0,113,551537.802856,0
"16405",219921,2011,0,1,134,553018.220832,239658.128464
"16406",219921,2015,0,1,136,377712.375952,251368.539968
"16407",219921,2012,0,1,108,444575.20896,213446.794896
"16408",219921,2010,0,1,172,743278.193856,325527.130512
"16409",219921,2014,0,1,117,462055.601007,219706.328205
"16410",219921,2013,0,1,101,402828.49696,187504.72947
"16411",222026,2010,0,0,74,251264.644358,0
"16412",220057,2011,0,1,615,1852216.67322,678444.955335
"16413",222026,2013,0,0,16,52011.52,0
"16414",222026,2015,0,0,8,22711.04,0
"16415",222026,2014,0,0,10,38500,0
"16416",222026,2011,0,0,35,128208.19375,0
"16417",220057,2013,0,1,419,1277062.27308,604773.302922
"16418",220057,2014,0,1,390,1269199.68318,574893.39102
"16419",220057,2012,0,1,570,1713814.32999,656578.04328
"16420",220057,2010,0,1,726,2308121.801832,585437.330808
"16421",220057,2015,0,1,528,1390640.305824,1314325.974192
"16422",222026,2012,0,0,16,50600.574496,0
"16423",221236,2012,0,1,200,1050247.0272,426595.0196
"16424",221236,2011,0,1,306,1237460.974272,494696.116044
"16425",221236,2010,0,1,181,876917.519132,358068.172476
"16426",221236,2013,0,1,237,1170666.767088,450861.817032
"16427",221236,2014,0,1,293,1392099.350346,622643.48244
"16428",221236,2015,0,1,416,1013161.96592,560631.709248
"16429",221388,2012,0,1,188,667718.5284,234164.456748
"16430",221388,2011,0,1,174,558851.222664,3480
"16431",221388,2015,0,1,106,524725.10928,192000.0048
"16432",221388,2014,0,1,130,639458.9838,177955.0227
"16433",221388,2013,0,1,162,529840.210284,245464.051104
"16434",221388,2010,0,1,147,462816.578406,4844.826
"16435",221634,2013,0,1,174,844054.139466,35914.642434
"16436",221634,2012,0,1,145,655249.7945,23200.00029
"16437",221634,2010,0,1,209,1007860.560597,27587.998746
"16438",221634,2014,0,1,223,1014556.0278,49060
"16439",221634,2015,0,1,181,804136.764455,401351.45616
"16440",221634,2011,0,1,243,1084551.68052,391732.000335
"16441",221485,2012,0,1,1278,4346071.596,819356.472
"16442",449764,2011,1,0,21,46997.19381,0
"16443",449764,2012,1,0,22,13662,16830
"16444",449764,2015,1,0,17,40798.9375,0
"16445",221485,2010,0,1,1798,6239116.827588,769580.413096
"16446",449764,2013,1,0,31,55122.427575,0
"16447",221485,2013,0,1,1394,4346533.573262,963057.57146
"16448",449764,2014,1,0,17,32427.991011,0
"16449",221485,2014,0,1,1430,4715078.1249,1170763.1364
"16450",221485,2011,0,1,1844,5588209.715248,805506.94116
"16451",221485,2015,0,1,2167,6526842.549832,3460787.06688
"16452",222105,2015,0,0,34,115151.276568,5502.4090264
"16453",220808,2012,1,0,68,152132.0038,113050
"16454",219833,2014,1,0,351,722344.052313,1326553.360704
"16455",222105,2013,0,0,31,52542.554844,0
"16456",222105,2014,0,0,40,80510,6003
"16457",219639,2011,1,0,35,50480.79365,145372.5
"16458",220808,2014,1,0,102,339452.971008,259281.632988
"16459",222105,2011,0,0,28,34172.355,0
"16460",219833,2013,1,0,264,519129.171792,1072278.1806
"16461",219833,2012,1,0,253,547837.289846,1056914.051688
"16462",220808,2011,1,0,94,325616.17155,229874.059116
"16463",220808,2010,1,0,76,215810.41966,107074.5
"16464",219833,2015,1,0,311,563541.838796,1094643.706724
"16465",222105,2012,0,0,24,42289.268784,0
"16466",219639,2014,1,0,70,169377.8121,394295.30588
"16467",222105,2010,0,0,22,29858.76707,0
"16468",219833,2010,1,0,288,713220.2496,1261092.882816
"16469",219639,2015,1,0,60,164832.61704,282929.90076
"16470",219639,2010,1,0,53,91278.11156,181701.66066
"16471",449764,2010,1,0,39,85225.570248,0
"16472",219639,2013,1,0,88,217296.994992,506999.69408
"16473",220808,2013,1,0,111,270714.00501,294045.297696
"16474",219833,2011,1,0,306,719187.122484,1117572.99345
"16475",220808,2015,1,0,80,292253.93056,225497.0568
"16476",219639,2012,1,0,66,178219.101786,360675.620184
"16477",220853,2012,0,1,569,1949563.807808,421893.623692
"16478",220853,2010,0,1,659,2465043.763378,593100
"16479",220853,2014,0,1,969,2517181.30008,1289769.944046
"16480",220853,2013,0,1,824,2937523.005696,1221465.391488
"16481",220853,2011,0,1,692,2569429.268592,593322.648332
"16482",220853,2015,0,1,1277,3222540.842688,2001022.556974
"16483",483744,2015,0,0,11,49032.9994,0
"16484",451538,2015,0,0,114,570285,0
"16485",451538,2014,0,0,255,1338711.75,0
"16486",451538,2011,0,0,74,403822.0108,0
"16487",451538,2012,0,0,89,493950,0
"16488",483744,2014,0,0,32,135790,0
"16489",451538,2013,0,0,93,524985,0
"16490",451538,2010,0,0,107,593850,0
"16491",459000,2015,0,0,39,180429.767973,1170
"16492",220941,2012,1,0,278,418519.949988,51765.5182
"16493",459000,2014,0,0,51,234306.75,1020
"16494",220941,2010,1,0,24,34388.449728,6760.000104
"16495",220941,2011,1,0,50,131374.9935,13000
"16496",459000,2013,0,0,53,223876.143964,0
"16497",459000,2010,0,0,68,364064.553864,0
"16498",459000,2012,0,0,45,177376.42377,0
"16499",459000,2011,0,0,61,253913.535231,0
"16500",221351,2012,1,0,554,500636.96382,772693.43346
"16501",221351,2011,1,0,545,615117.184825,757396.46151
"16502",221351,2014,1,0,507,474095.7,535881.180978
"16503",221351,2010,1,0,499,494022.981984,635068.0186
"16504",221351,2013,1,0,545,446744.32075,672671.304875
"16505",221351,2015,1,0,562,434993.06643,625943.105616
"16506",458803,2014,0,0,42,155420.475,2100
"16507",458803,2011,0,0,55,211524.848975,0
"16508",458803,2012,0,0,59,256980.24837,0
"16509",458803,2013,0,0,40,173407.29036,0
"16510",458803,2010,0,0,68,333603.040896,0
"16511",221290,2010,0,0,46,187412.550986,0
"16512",458803,2015,0,0,43,205131.712248,0
"16513",221290,2011,0,0,47,201547.75,0
"16514",221290,2012,0,0,33,116435.377608,0
"16515",221290,2013,0,0,9,25436.75625,0
"16516",443766,2010,1,0,6,11837.0001,0
"16517",443766,2013,1,0,4,5545,0
"16518",443766,2011,1,0,2,2775,0
"16519",443766,2012,1,0,2,5675,0
"16520",443766,2015,1,0,13,39120.163134,0
"16521",481225,2015,1,0,1,5725,0
"16522",481225,2014,1,0,3,5683.275,0
"16523",376668,2011,0,0,62,286750,0
"16524",376668,2012,0,0,31,152224.0027,0
"16525",376668,2010,0,0,59,335356,0
"16526",443766,2014,1,0,9,20405.952,0
"16527",376668,2013,0,0,26,127660,0
"16528",481225,2013,1,0,2,4971,0
"16529",376668,2014,0,0,7,16902.153534,0
"16530",482617,2013,1,0,3,8509.335,0
"16531",450517,2010,1,0,34,147767.44437,0
"16532",482617,2014,1,0,3,13999.9995,0
"16533",450517,2011,1,0,21,76735.678005,0
"16534",486530,2015,0,0,13,31464.644562,0
"16535",417789,2011,0,0,145,628131.62016,0
"16536",417789,2010,0,0,131,682867.754712,0
"16537",417789,2015,0,0,75,177574.147875,0
"16538",417789,2012,0,0,163,603830.074555,0
"16539",417789,2013,0,0,135,440804.87388,1350
"16540",417789,2014,0,0,109,378512.559174,0
"16541",220604,2014,1,0,145,820846.03124,181870.284625
"16542",220604,2012,1,0,175,461846.3633,115544.71565
"16543",220604,2013,1,0,159,442228.519278,103907.489775
"16544",220604,2010,1,0,207,469148.940414,136700.2125
"16545",220604,2015,1,0,183,1010845.076787,327121.882776
"16546",220604,2011,1,0,183,462055.76853,137221.905108
"16547",459073,2012,0,0,45,161943.15312,0
"16548",459073,2014,0,0,42,160889.521884,0
"16549",459073,2015,0,0,35,149389.31301,0
"16550",459073,2013,0,0,42,168557.15898,0
"16551",459073,2011,0,0,41,155511.55557,0
"16552",459073,2010,0,0,44,214538.044952,0
"16553",412599,2011,0,0,333,1407915.675,32247.72
"16554",440873,2014,0,0,89,464478.878556,0
"16555",440873,2010,0,0,92,475794.353552,4660.719816
"16556",440873,2012,0,0,94,489772.044882,4228.119906
"16557",440873,2013,0,0,73,391882.065894,2920.365
"16558",440873,2011,0,0,173,926034.09552,10380
"16559",412599,2013,1,0,268,1154509.738344,28569.430872
"16560",412599,2012,0,0,285,1188585.793665,28399.87608
"16561",412599,2010,1,0,300,1421006.9394,53200.6056
"16562",412599,2015,1,0,175,583717.14555,1239
"16563",440873,2015,0,0,98,514094.68278,1960
"16564",412599,2014,1,0,251,1059984.478732,9558.39375
"16565",456029,2011,0,0,72,160332.950952,0
"16566",455567,2014,0,0,44,154363.624272,11484
"16567",416670,2014,0,0,146,514620.620712,0
"16568",455567,2015,0,0,52,234403.65,901.68
"16569",456029,2014,0,0,52,172642.59402,0
"16570",456029,2012,0,0,46,141627.33598,0
"16571",456029,2010,0,0,92,132986.231196,0
"16572",416670,2010,0,0,98,315875.56,0
"16573",455567,2011,0,0,77,364501.586757,1848
"16574",416670,2015,0,0,90,193935.8853,0
"16575",455567,2010,0,0,45,180990.64737,1200.6
"16576",416670,2011,0,0,110,397573.90695,0
"16577",455567,2013,0,0,46,186082.68496,0
"16578",416670,2013,0,0,161,450449.372268,0
"16579",456029,2013,0,0,34,74290.073984,0
"16580",455567,2012,0,0,41,202263.601083,512.5
"16581",456029,2015,0,0,38,107337.41953,0
"16582",416670,2012,0,0,149,653950.57,0
"16583",445601,2011,0,0,292,834368.8665,2920
"16584",445601,2012,0,0,244,1000382.77116,0
"16585",445601,2010,0,0,628,2471416.74972,14643.166432
"16586",219903,2012,0,0,1625,6411039.49525,274039.432875
"16587",219903,2014,0,0,1427,5633264.031524,240939.701613
"16588",219903,2010,0,0,1103,3702411.47715,295529.794572
"16589",219903,2011,0,0,1123,4427526.467744,189126.994932
"16590",219903,2015,0,0,1529,6037078.365384,258423.557337
"16591",219903,2013,0,0,1459,5758410.528818,246166.161057
"16592",220862,2013,1,1,2088,5143071.897432,8477561.397672
"16593",220862,2012,1,1,2194,5059472.205886,8703364.03184
"16594",220862,2010,1,1,2386,6741350.45254,8125899.584766
"16595",220862,2014,1,1,2317,5835990.256824,9143969.683212
"16596",220862,2015,1,1,2053,4959566.3662,7216263.7944
"16597",220862,2011,1,1,2497,6648223.09734,9632600.761476
"16598",219718,2010,1,0,421,539124.422496,562681.067442
"16599",220756,2012,0,1,124,509895.764632,406611.074432
"16600",219718,2014,1,0,490,1275083.51936,1177845.44829
"16601",219718,2015,1,0,491,1486994.760888,1356549.66748
"16602",219718,2013,1,0,550,1659354.67995,1105012.6439
"16603",220756,2010,0,1,233,474105.894784,387495.0071
"16604",219718,2011,1,0,804,668600.508288,662878.728924
"16605",220756,2014,0,1,110,262370.00273,127194.25323
"16606",219718,2012,1,0,725,2415254.1714,1126933.5504
"16607",220756,2013,0,1,96,196934.976,95645.79072
"16608",220756,2011,0,1,175,341650.015,322093.9925
"16609",220756,2015,0,1,103,265551.838776,178744.689093
"16610",221768,2013,1,1,1301,3040710.673156,5582213.13756
"16611",221768,2011,1,1,1290,2943093.7458,5613750.3792
"16612",221768,2012,1,1,1315,3102206.82949,5770576.516225
"16613",221768,2015,1,1,1010,2174009.88838,3896284.94264
"16614",221768,2010,1,1,1275,3495175.03125,5236761.1716
"16615",221768,2014,1,1,1174,2730286.0393,5196873.19984
"16616",221281,2013,0,1,257,1263243.876254,491648.929992
"16617",221281,2011,0,1,321,1593263.141217,624479.341068
"16618",221281,2010,0,1,363,1579074.181971,104912.7341295
"16619",221281,2015,0,1,256,1086841.8048,549726.863616
"16620",221281,2014,0,1,276,1363740.393708,544616.665212
"16621",221281,2012,0,1,347,1702773.021114,380430.657344
"16622",458821,2015,0,0,28,121799.991292,0
"16623",220598,2011,1,0,599,3755147.918755,551828.75
"16624",220400,2011,0,1,985,2887771.52784,1160625.370965
"16625",220400,2014,0,1,783,2348105.3442,1289037.68631
"16626",220400,2012,0,1,792,2339684.532504,1149295.1976
"16627",221616,2010,0,1,641,2407249.040802,1209058.71264
"16628",220400,2010,0,1,1013,3323521.153998,993939.30083
"16629",220400,2013,0,1,748,2261707.849808,1027805.064616
"16630",221616,2011,0,1,474,1776178.27233,803651.382648
"16631",222099,2015,0,0,175,683523.311625,39799.242525
"16632",222099,2012,0,0,231,690397.948548,27951
"16633",458821,2012,0,0,55,250855.60192,0
"16634",221616,2013,0,1,383,1377113.71994,714995.607346
"16635",221616,2012,0,1,541,2128595.14224,1097848.10269
"16636",220598,2010,1,0,696,3704278.71288,810268.595136
"16637",220400,2015,0,1,1039,2940903.430912,2778833.104152
"16638",458821,2010,0,0,61,317416.11812,0
"16639",221616,2015,0,1,550,2042842.4093,1066449.96425
"16640",222099,2010,0,0,406,1219991.627722,46255.999804
"16641",458821,2013,0,0,52,248864.0024,0
"16642",220598,2013,1,0,405,2190734.894205,371551.0338
"16643",222099,2011,0,0,312,950956.024512,42380.00208
"16644",221616,2014,0,1,534,1529191.3428,944089.601904
"16645",458821,2014,0,0,44,175522.045776,0
"16646",220598,2012,1,0,324,1576659.821832,347417.485884
"16647",220598,2014,1,0,312,1858847.734224,286430.966016
"16648",222099,2013,0,0,158,514171.037376,26049.855
"16649",222099,2014,0,0,136,482821.551784,23460
"16650",458821,2011,0,0,40,166747.43712,0
"16651",220598,2015,1,0,444,2134170.067848,818174.247204
"16652",221971,2013,1,0,472,693362.033448,1761221.683584
"16653",221971,2012,1,0,422,718723.508472,1488916.091648
"16654",221971,2011,1,0,470,811786.72788,1393409.65095
"16655",221971,2015,1,0,338,533597.322752,1034394.528258
"16656",221971,2010,1,0,489,950863.164072,1425622.95204
"16657",221971,2014,1,0,328,515751.629312,989398.621208
"16658",448141,2012,0,0,14,66475.109904,980
"16659",448141,2010,0,0,55,125764.741575,275
"16660",448141,2013,0,0,20,75141,0
"16661",448141,2011,0,0,23,80383.169499,0
"16662",221430,2011,0,1,236,871805.45004,424947.812936
"16663",221430,2012,0,1,259,816753.4697,394680.295037
"16664",221430,2013,0,1,284,790179.525248,384707.894976
"16665",221430,2015,0,1,290,938491.22734,326575.25472
"16666",221430,2014,0,1,245,822264.5214,348880
"16667",221430,2010,0,1,294,866545.112076,471517.2
"16668",220215,2011,1,0,384,760675.748352,983244.370176
"16669",220215,2012,1,0,321,501958.095906,776902.132665
"16670",220215,2014,1,0,340,503005.51728,662390.66696
"16671",220215,2010,1,0,371,829175.67306,976066.028427
"16672",220215,2015,1,0,292,508288.565088,704565.553744
"16673",220215,2013,1,0,355,572580.0822,913505.991825
"16674",451529,2011,0,0,59,111468.716638,0
"16675",451529,2012,0,0,23,66374.923957,0
"16676",451529,2013,0,0,13,30710.290299,0
"16677",451529,2014,0,0,11,49840.0012,0
"16678",451529,2010,0,0,42,132720.872508,0
"16679",451529,2015,0,0,22,100802.68968,0
"16680",219587,2013,0,0,45,149289.39981,0
"16681",219587,2014,0,0,41,116092.935,0
"16682",219587,2010,0,0,56,178739.96084,0
"16683",219587,2015,0,0,44,104047.68,0
"16684",219587,2011,0,0,48,148050.005856,0
"16685",219587,2012,0,0,59,140567.448021,0
"16686",428073,2015,0,0,19,84731.45,0
"16687",428073,2014,0,0,20,90320,0
"16688",428073,2010,0,0,19,82555,0
"16689",428073,2013,0,0,19,95456.95,0
"16690",428073,2011,0,0,20,99000,0
"16691",428073,2012,0,0,18,88110,0
"16692",219888,2013,0,1,781,1776674.81332,1181424.457532
"16693",219888,2011,0,1,883,2083261.348125,1173819.012465
"16694",448150,2013,0,0,54,198880.28199,0
"16695",448150,2012,0,0,73,277696.78807,0
"16696",448150,2014,0,0,45,198848.25,0
"16697",219888,2015,0,1,1246,2454870.9444,2299319.514436
"16698",219888,2012,0,1,833,1828329.58385,1240384.3977
"16699",448150,2010,0,0,101,374897.220569,0
"16700",448150,2011,0,0,81,266256.394137,0
"16701",448150,2015,0,0,47,167455.41875,0
"16702",219888,2014,0,1,731,1590548.85002,1192528.23898
"16703",219888,2010,0,1,892,2092250.921544,1180209.16048
"16704",220321,2011,0,1,445,501097.19306,11456.525
"16705",220321,2015,0,1,403,1034740.59156,539545.29824
"16706",220321,2010,0,1,471,565452.098511,399827.35485
"16707",220321,2012,0,1,273,721091.977788,302771.462994
"16708",220321,2014,0,1,398,1307751.353956,527257.418832
"16709",220321,2013,0,1,243,895618.197828,309630.239874
"16710",444468,2015,0,0,9,20512.050201,0
"16711",444468,2014,0,0,7,19231.8,0
"16712",444468,2011,0,0,17,67110.0075,0
"16713",444468,2010,0,0,16,59030.806752,0
"16714",444468,2013,0,0,16,64932.938752,2672.64
"16715",444468,2012,0,0,12,55278,0
"16716",220701,2011,1,0,360,1185089.4666,1053183.48012
"16717",220701,2012,1,0,281,960624.93648,972268.49182
"16718",221333,2012,0,1,238,651077.9884,274224.0046
"16719",220701,2014,1,0,447,628260.448473,655720.2132
"16720",221333,2010,0,1,328,1094752.443264,488482.0032
"16721",221333,2015,0,1,269,658294.410204,463874.83344
"16722",220701,2013,1,0,335,587432.51985,580472.098555
"16723",221333,2013,0,1,237,637863.309216,243222.515106
"16724",220701,2010,1,0,263,67197.144876,102322.381029
"16725",221333,2011,0,1,236,605362.73152,259430.0092
"16726",220701,2015,1,0,275,427922.2794,462743.733375
"16727",221333,2014,0,1,235,513335.418225,310827.89556
"16728",220765,2010,0,0,459,1184868.632178,14708.655
"16729",418870,2010,0,0,198,439743.159504,4455
"16730",418870,2012,0,0,20,76293.999,0
"16731",220765,2015,0,0,192,765761.67936,0
"16732",418870,2015,0,0,49,227103.023224,37754.5
"16733",418870,2011,0,0,65,292658.17035,2600
"16734",376631,2011,0,0,22,59483.347352,0
"16735",418870,2013,0,0,39,205247.663712,35499.75
"16736",376631,2014,0,0,28,92414.322308,0
"16737",220765,2011,0,0,463,1231300.149836,0
"16738",376631,2010,0,0,25,80439.9979,0
"16739",376631,2013,0,0,27,91959.651675,0
"16740",220765,2013,0,0,390,1033518.15216,0
"16741",220765,2012,0,0,462,1520380.975806,10994.060154
"16742",220765,2014,0,0,262,638374.086792,0
"16743",418870,2014,0,0,34,153180.682528,0
"16744",376631,2015,0,0,18,46282.86,0
"16745",376631,2012,0,0,23,61556.625,0
"16746",221847,2014,1,1,1875,3017543.88,8188568.431875
"16747",221847,2015,1,1,1577,2551746.767265,6449324.491926
"16748",221847,2011,1,1,1951,3222531.904371,8241149.921442
"16749",221847,2013,1,1,2161,3511003.211148,9184487.68839
"16750",221847,2010,1,1,1899,3732036.546789,7864328.299311
"16751",221847,2012,1,1,2046,3156490.094472,8392362.52239
"16752",221591,2013,0,1,235,1034494.64586,364025.6455
"16753",221591,2011,0,1,279,1312964.576775,331360.52706
"16754",446543,2010,0,0,30,98706.18582,0
"16755",446543,2013,0,0,51,194112.1098,20994.66
"16756",446543,2014,0,0,46,159329.625,10990.32
"16757",221591,2010,0,1,147,663525.2925,246121.305171
"16758",446543,2012,0,0,50,176075.0002,0
"16759",446543,2011,0,0,40,117380,0
"16760",221591,2012,0,1,232,942110.4778,425262.035016
"16761",221591,2014,0,1,180,790491.9879,265657.39452
"16762",221591,2015,0,1,259,1001098.594083,642039.056225
"16763",220640,2010,0,1,280,586461.52124,300409.03032
"16764",220640,2014,0,1,259,551628.781704,205228.014663
"16765",220640,2015,0,1,329,728628.317802,424568.388496
"16766",220640,2012,0,1,246,638074.32768,287664.465024
"16767",220640,2013,0,1,287,622280.073324,242618.494496
"16768",220640,2011,0,1,259,596532.463296,250426.68042
