stabbr,zip
PR,00602
PR,00603
PR,00604
PR,00605
PR,00612
PR,00613
PR,00614
PR,00625
PR,00641
PR,00659
PR,00662
PR,00674
PR,00676
PR,00680
PR,00681
PR,00682
PR,00683
PR,00685
PR,00693
PR,00698
PR,00714
PR,00715
PR,00716
PR,00717
PR,00718
PR,00721
PR,00725
PR,00726
PR,00730
PR,00731
PR,00732
PR,00736
PR,00737
PR,00738
PR,00745
PR,00754
PR,00767
PR,00769
PR,00778
PR,00784
PR,00785
PR,00791
PR,00792
PR,00794
PR,00795
VI,00802
PR,00901
PR,00902
PR,00907
PR,00909
PR,00910
PR,00917
PR,00918
PR,00919
PR,00924
PR,00925
PR,00926
PR,00928
PR,00931
PR,00936
PR,00957
PR,00959
PR,00960
PR,00961
PR,00964
PR,00966
PR,00968
PR,00969
PR,00970
PR,00978
PR,00980
PR,00982
PR,00984
PR,00985
PR,00986
PR,00987
MA,01002
MA,01003
MA,01013
MA,01020
MA,01040
MA,01056
MA,01060
MA,01063
MA,01075
MA,01086
MA,01089
MA,01103
MA,01104
MA,01105
MA,01106
MA,01109
MA,01119
MA,01201
MA,01230
MA,01247
MA,01267
MA,01301
MA,01341
MA,01376
MA,01420
MA,01440
MA,01507
MA,01561
MA,01562
MA,01568
MA,01571
MA,01581
MA,01583
MA,01602
MA,01604
MA,01605
MA,01606
MA,01609
MA,01610
MA,01612
MA,01655
MA,01701
MA,01702
MA,01730
MA,01752
MA,01801
MA,01810
MA,01821
MA,01830
MA,01835
MA,01845
MA,01852
MA,01854
MA,01876
MA,01879
MA,01887
MA,01907
MA,01915
MA,01923
MA,01938
MA,01970
MA,01982
MA,01984
MA,02021
MA,02038
MA,02062
MA,02108
MA,02109
MA,02110
MA,02111
MA,02113
MA,02114
MA,02115
MA,02116
MA,02120
MA,02122
MA,02124
MA,02125
MA,02129
MA,02132
MA,02135
MA,02136
MA,02138
MA,02139
MA,02141
MA,02142
MA,02145
MA,02148
MA,02150
MA,02155
MA,02169
MA,02170
MA,02184
MA,02186
MA,02215
MA,02301
MA,02302
MA,02325
MA,02357
MA,02360
MA,02375
MA,02445
MA,02446
MA,02452
MA,02453
MA,02454
MA,02457
MA,02458
MA,02459
MA,02466
MA,02467
MA,02472
MA,02481
MA,02492
MA,02493
MA,02532
MA,02540
MA,02601
MA,02668
MA,02720
MA,02723
MA,02740
MA,02745
MA,02747
MA,02766
MA,02771
MA,02780
RI,02809
RI,02818
RI,02840
RI,02860
RI,02865
RI,02881
RI,02886
RI,02893
RI,02903
RI,02904
RI,02908
RI,02912
RI,02914
RI,02917
RI,02918
RI,02920
NH,03036
NH,03051
NH,03054
NH,03060
NH,03063
NH,03079
NH,03101
NH,03102
NH,03103
NH,03104
NH,03106
NH,03110
NH,03242
NH,03246
NH,03257
NH,03264
NH,03278
NH,03301
NH,03431
NH,03435
NH,03461
NH,03570
NH,03743
NH,03755
NH,03766
NH,03784
NH,03801
NH,03824
NH,03878
ME,04005
ME,04009
ME,04011
ME,04046
ME,04073
ME,04074
ME,04084
ME,04090
ME,04092
ME,04101
ME,04102
ME,04103
ME,04106
ME,04210
ME,04240
ME,04330
ME,04401
ME,04402
ME,04420
ME,04469
ME,04609
ME,04619
ME,04654
ME,04743
ME,04769
ME,04901
ME,04937
ME,04938
ME,04988
VT,05061
VT,05068
VT,05201
VT,05301
VT,05302
VT,05344
VT,05346
VT,05401
VT,05403
VT,05404
VT,05405
VT,05408
VT,05439
VT,05495
VT,05601
VT,05602
VT,05656
VT,05663
VT,05667
VT,05676
VT,05701
VT,05735
VT,05753
VT,05764
VT,05827
VT,05851
CT,06010
CT,06032
CT,06040
CT,06050
CT,06051
CT,06053
CT,06068
CT,06071
CT,06078
CT,06082
CT,06088
CT,06095
CT,06098
CT,06103
CT,06105
CT,06106
CT,06108
CT,06109
CT,06110
CT,06111
CT,06114
CT,06117
CT,06118
CT,06120
CT,06226
CT,06239
CT,06269
CT,06320
CT,06340
CT,06357
CT,06360
CT,06371
CT,06401
CT,06405
CT,06416
CT,06437
CT,06450
CT,06451
CT,06457
CT,06459
CT,06460
CT,06461
CT,06470
CT,06473
CT,06483
CT,06484
CT,06489
CT,06492
CT,06510
CT,06511
CT,06514
CT,06515
CT,06516
CT,06518
CT,06520
CT,06604
CT,06606
CT,06608
CT,06610
CT,06615
CT,06626
CT,06702
CT,06704
CT,06705
CT,06706
CT,06708
CT,06716
CT,06723
CT,06790
CT,06802
CT,06810
CT,06811
CT,06824
CT,06825
CT,06850
CT,06854
CT,06880
CT,06901
CT,06902
CT,06904
NJ,07003
NJ,07004
NJ,07006
NJ,07011
NJ,07013
NJ,07016
NJ,07018
NJ,07030
NJ,07033
NJ,07036
NJ,07042
NJ,07043
NJ,07054
NJ,07058
NJ,07060
NJ,07061
NJ,07076
NJ,07079
NJ,07080
NJ,07083
NJ,07087
NJ,07093
NJ,07101
NJ,07102
NJ,07103
NJ,07109
NJ,07110
NJ,07201
NJ,07208
NJ,07305
NJ,07306
NJ,07310
NJ,07420
NJ,07424
NJ,07430
NJ,07446
NJ,07470
NJ,07505
NJ,07506
NJ,07513
NJ,07601
NJ,07608
NJ,07644
NJ,07652
NJ,07666
NJ,07710
NJ,07712
NJ,07719
NJ,07728
NJ,07738
NJ,07753
NJ,07764
NJ,07801
NJ,07834
NJ,07840
NJ,07860
NJ,07869
NJ,07876
NJ,07882
NJ,07940
NJ,07945
NJ,07950
NJ,07960
NJ,08002
NJ,08003
NJ,08012
NJ,08021
NJ,08028
NJ,08030
NJ,08043
NJ,08053
NJ,08054
NJ,08057
NJ,08068
NJ,08069
NJ,08080
NJ,08081
NJ,08102
NJ,08103
NJ,08109
NJ,08205
NJ,08221
NJ,08225
NJ,08232
NJ,08234
NJ,08240
NJ,08330
NJ,08362
NJ,08505
NJ,08512
NJ,08542
NJ,08544
NJ,08550
NJ,08608
NJ,08619
NJ,08628
NJ,08629
NJ,08648
NJ,08701
NJ,08723
NJ,08753
NJ,08754
NJ,08755
NJ,08807
NJ,08817
NJ,08818
NJ,08820
NJ,08830
NJ,08854
NJ,08861
NJ,08876
NJ,08890
NJ,08901
NJ,08902
NY,10001
NY,10002
NY,10003
NY,10004
NY,10007
NY,10010
NY,10011
NY,10012
NY,10013
NY,10014
NY,10016
NY,10017
NY,10018
NY,10019
NY,10021
NY,10022
NY,10023
NY,10024
NY,10025
NY,10027
NY,10029
NY,10031
NY,10032
NY,10033
NY,10035
NY,10036
NY,10038
NY,10065
NY,10075
NY,10115
NY,10118
NY,10122
NY,10281
NY,10301
NY,10306
NY,10311
NY,10314
NY,10451
NY,10453
NY,10458
NY,10462
NY,10465
NY,10468
NY,10471
NY,10522
NY,10523
NY,10528
NY,10549
NY,10550
NY,10562
NY,10566
NY,10577
NY,10591
NY,10595
NY,10598
NY,10604
NY,10606
NY,10701
NY,10704
NY,10707
NY,10708
NY,10801
NY,10805
NY,10901
NY,10924
NY,10940
NY,10950
NY,10952
NY,10954
NY,10960
NY,10962
NY,10976
NY,10977
NY,10994
NY,10996
NY,11024
NY,11030
NY,11101
NY,11103
NY,11106
NY,11201
NY,11203
NY,11204
NY,11205
NY,11209
NY,11210
NY,11211
NY,11213
NY,11214
NY,11218
NY,11219
NY,11220
NY,11223
NY,11225
NY,11229
NY,11230
NY,11235
NY,11236
NY,11354
NY,11355
NY,11357
NY,11364
NY,11367
NY,11369
NY,11372
NY,11374
NY,11375
NY,11385
NY,11418
NY,11432
NY,11433
NY,11439
NY,11451
NY,11501
NY,11530
NY,11542
NY,11548
NY,11549
NY,11550
NY,11553
NY,11559
NY,11561
NY,11568
NY,11571
NY,11580
NY,11691
NY,11701
NY,11714
NY,11716
NY,11717
NY,11724
NY,11726
NY,11735
NY,11743
NY,11746
NY,11747
NY,11749
NY,11756
NY,11768
NY,11769
NY,11772
NY,11784
NY,11788
NY,11791
NY,11794
NY,11801
NY,11901
NY,12020
NY,12043
NY,12065
NY,12095
NY,12110
NY,12180
NY,12203
NY,12204
NY,12205
NY,12206
NY,12208
NY,12211
NY,12222
NY,12246
NY,12304
NY,12305
NY,12308
NY,12466
NY,12484
NY,12493
NY,12504
NY,12507
NY,12534
NY,12538
NY,12550
NY,12561
NY,12601
NY,12604
NY,12754
NY,12759
NY,12779
NY,12801
NY,12804
NY,12839
NY,12860
NY,12866
NY,12901
NY,12970
NY,12983
NY,13021
NY,13026
NY,13035
NY,13045
NY,13053
NY,13088
NY,13090
NY,13114
NY,13126
NY,13148
NY,13202
NY,13203
NY,13207
NY,13210
NY,13211
NY,13214
NY,13215
NY,13244
NY,13323
NY,13346
NY,13350
NY,13357
NY,13408
NY,13478
NY,13501
NY,13502
NY,13503
NY,13601
NY,13617
NY,13676
NY,13699
NY,13753
NY,13790
NY,13815
NY,13820
NY,13850
NY,13901
NY,13905
NY,14006
NY,14020
NY,14052
NY,14063
NY,14068
NY,14075
NY,14094
NY,14109
NY,14120
NY,14127
NY,14132
NY,14150
NY,14201
NY,14203
NY,14208
NY,14210
NY,14214
NY,14220
NY,14221
NY,14222
NY,14223
NY,14224
NY,14225
NY,14226
NY,14228
NY,14260
NY,14304
NY,14420
NY,14424
NY,14454
NY,14456
NY,14478
NY,14513
NY,14606
NY,14607
NY,14612
NY,14617
NY,14618
NY,14620
NY,14621
NY,14623
NY,14624
NY,14626
NY,14627
NY,14701
NY,14744
NY,14760
NY,14778
NY,14802
NY,14830
NY,14843
NY,14850
NY,14853
NY,14901
NY,14903
NY,14905
PA,15003
PA,15010
PA,15061
PA,15062
PA,15068
PA,15071
PA,15084
PA,15108
PA,15122
PA,15131
PA,15132
PA,15136
PA,15146
PA,15202
PA,15205
PA,15206
PA,15208
PA,15213
PA,15214
PA,15216
PA,15219
PA,15220
PA,15222
PA,15224
PA,15226
PA,15229
PA,15232
PA,15233
PA,15235
PA,15237
PA,15238
PA,15260
PA,15276
PA,15282
PA,15301
PA,15317
PA,15370
PA,15401
PA,15419
PA,15456
PA,15465
PA,15501
PA,15537
PA,15601
PA,15650
PA,15697
PA,15701
PA,15705
PA,15717
PA,15801
PA,15840
PA,15851
PA,15902
PA,15904
PA,15905
PA,15931
PA,15940
PA,16001
PA,16002
PA,16003
PA,16046
PA,16057
PA,16101
PA,16105
PA,16125
PA,16127
PA,16137
PA,16143
PA,16146
PA,16172
PA,16201
PA,16214
PA,16226
PA,16254
PA,16301
PA,16335
PA,16354
PA,16428
PA,16444
PA,16501
PA,16502
PA,16506
PA,16508
PA,16509
PA,16541
PA,16546
PA,16563
PA,16565
PA,16601
PA,16602
PA,16630
PA,16652
PA,16701
PA,16801
PA,16802
PA,16823
PA,16830
PA,16933
PA,17003
PA,17013
PA,17022
PA,17027
PA,17033
PA,17042
PA,17044
PA,17055
PA,17057
PA,17060
PA,17067
PA,17093
PA,17101
PA,17104
PA,17109
PA,17110
PA,17111
PA,17112
PA,17201
PA,17202
PA,17237
PA,17257
PA,17301
PA,17325
PA,17331
PA,17401
PA,17402
PA,17403
PA,17404
PA,17512
PA,17551
PA,17584
PA,17601
PA,17602
PA,17603
PA,17604
PA,17608
PA,17701
PA,17745
PA,17801
PA,17815
PA,17837
PA,17870
PA,17876
PA,17901
PA,17931
PA,17972
PA,18015
PA,18017
PA,18018
PA,18020
PA,18034
PA,18042
PA,18052
PA,18078
PA,18101
PA,18102
PA,18104
PA,18106
PA,18109
PA,18201
PA,18202
PA,18301
PA,18360
PA,18372
PA,18411
PA,18440
PA,18459
PA,18503
PA,18505
PA,18507
PA,18508
PA,18509
PA,18510
PA,18512
PA,18612
PA,18627
PA,18634
PA,18702
PA,18704
PA,18705
PA,18711
PA,18766
PA,18816
PA,18848
PA,18901
PA,18940
PA,18974
PA,19001
PA,19002
PA,19007
PA,19008
PA,19009
PA,19010
PA,19013
PA,19014
PA,19020
PA,19027
PA,19029
PA,19034
PA,19038
PA,19041
PA,19046
PA,19047
PA,19053
PA,19054
PA,19056
PA,19063
PA,19064
PA,19079
PA,19081
PA,19082
PA,19085
PA,19087
PA,19090
PA,19095
PA,19096
PA,19102
PA,19103
PA,19104
PA,19106
PA,19107
PA,19110
PA,19114
PA,19116
PA,19118
PA,19119
PA,19122
PA,19124
PA,19125
PA,19128
PA,19130
PA,19131
PA,19134
PA,19136
PA,19138
PA,19141
PA,19144
PA,19146
PA,19147
PA,19149
PA,19152
PA,19154
PA,19319
PA,19320
PA,19335
PA,19341
PA,19345
PA,19352
PA,19355
PA,19383
PA,19401
PA,19403
PA,19406
PA,19422
PA,19426
PA,19437
PA,19440
PA,19446
PA,19454
PA,19460
PA,19462
PA,19464
PA,19530
PA,19533
PA,19601
PA,19603
PA,19605
PA,19607
PA,19610
PA,19611
PA,19612
DE,19701
DE,19702
DE,19711
DE,19713
DE,19716
DE,19720
DE,19801
DE,19803
DE,19805
DE,19808
DE,19901
DE,19939
DE,19947
DE,19958
DC,20001
DC,20002
DC,20005
DC,20006
DC,20007
DC,20008
DC,20012
DC,20016
DC,20017
DC,20018
DC,20024
DC,20036
DC,20037
DC,20052
DC,20057
DC,20059
DC,20064
VA,20109
VA,20111
VA,20121
VA,20151
VA,20158
VA,20166
VA,20170
VA,20190
MD,20602
MD,20619
MD,20646
MD,20686
MD,20705
MD,20706
MD,20708
MD,20715
MD,20723
MD,20724
MD,20742
MD,20743
MD,20746
MD,20748
MD,20754
MD,20774
MD,20783
MD,20784
MD,20785
MD,20814
MD,20850
MD,20852
MD,20877
MD,20901
MD,20902
MD,20903
MD,20906
MD,20910
MD,20912
MD,21012
MD,21014
MD,21015
MD,21031
MD,21043
MD,21044
MD,21045
MD,21046
MD,21061
MD,21076
MD,21090
MD,21093
MD,21117
MD,21136
MD,21153
MD,21157
MD,21201
MD,21202
MD,21204
MD,21205
MD,21208
MD,21209
MD,21210
MD,21212
MD,21215
MD,21216
MD,21217
MD,21218
MD,21221
MD,21224
MD,21227
MD,21230
MD,21237
MD,21244
MD,21250
MD,21251
MD,21252
MD,21286
MD,21401
MD,21402
MD,21502
MD,21532
MD,21541
MD,21620
MD,21679
MD,21701
MD,21702
MD,21704
MD,21727
MD,21740
MD,21742
MD,21801
MD,21804
MD,21853
MD,21901
VA,22003
VA,22030
VA,22031
VA,22042
VA,22043
VA,22044
VA,22046
VA,22066
VA,22102
VA,22153
VA,22182
VA,22192
VA,22201
VA,22202
VA,22203
VA,22207
VA,22209
VA,22304
VA,22309
VA,22312
VA,22314
VA,22401
VA,22406
VA,22407
VA,22408
VA,22508
VA,22601
VA,22645
VA,22701
VA,22802
VA,22807
VA,22812
VA,22901
VA,22902
VA,22903
VA,22939
VA,23005
VA,23060
VA,23062
VA,23112
VA,23149
VA,23173
VA,23187
VA,23220
VA,23225
VA,23227
VA,23228
VA,23230
VA,23235
VA,23236
VA,23284
VA,23294
VA,23320
VA,23410
VA,23434
VA,23451
VA,23452
VA,23454
VA,23456
VA,23462
VA,23464
VA,23502
VA,23504
VA,23505
VA,23507
VA,23510
VA,23513
VA,23518
VA,23529
VA,23601
VA,23602
VA,23606
VA,23608
VA,23609
VA,23666
VA,23668
VA,23669
VA,23803
VA,23805
VA,23806
VA,23821
VA,23831
VA,23834
VA,23836
VA,23851
VA,23868
VA,23909
VA,23943
VA,24012
VA,24013
VA,24014
VA,24015
VA,24016
VA,24018
VA,24020
VA,24060
VA,24061
VA,24073
VA,24084
VA,24088
VA,24112
VA,24141
VA,24142
VA,24153
VA,24201
VA,24210
VA,24212
VA,24219
VA,24293
VA,24327
VA,24382
VA,24401
VA,24416
VA,24422
VA,24450
VA,24486
VA,24501
VA,24502
VA,24503
VA,24515
VA,24541
VA,24595
VA,24605
VA,24614
VA,24631
VA,24641
WV,24701
WV,24712
WV,24740
WV,24901
WV,25064
WV,25070
WV,25112
WV,25136
WV,25177
WV,25252
WV,25301
WV,25303
WV,25304
WV,25306
WV,25313
WV,25401
WV,25403
WV,25404
WV,25414
WV,25443
WV,25560
WV,25637
WV,25646
WV,25670
WV,25701
WV,25705
WV,25755
WV,25801
WV,25813
WV,25880
WV,25901
WV,26003
WV,26032
WV,26038
WV,26047
WV,26074
WV,26101
WV,26104
WV,26105
WV,26184
WV,26201
WV,26241
WV,26301
WV,26330
WV,26351
WV,26416
WV,26426
WV,26501
WV,26505
WV,26506
WV,26554
WV,26726
WV,26807
WV,26836
WV,26847
NC,27017
NC,27101
NC,27103
NC,27105
NC,27106
NC,27110
NC,27117
NC,27127
NC,27205
NC,27244
NC,27253
NC,27262
NC,27265
NC,27268
NC,27282
NC,27302
NC,27330
NC,27344
NC,27360
NC,27371
NC,27375
NC,27401
NC,27402
NC,27403
NC,27405
NC,27406
NC,27407
NC,27409
NC,27410
NC,27411
NC,27506
NC,27515
NC,27516
NC,27518
NC,27533
NC,27534
NC,27536
NC,27537
NC,27549
NC,27560
NC,27573
NC,27577
NC,27587
NC,27599
NC,27601
NC,27603
NC,27604
NC,27606
NC,27607
NC,27610
NC,27612
NC,27614
NC,27616
NC,27695
NC,27701
NC,27703
NC,27704
NC,27705
NC,27707
NC,27708
NC,27713
NC,27804
NC,27834
NC,27855
NC,27858
NC,27886
NC,27889
NC,27890
NC,27892
NC,27893
NC,27906
NC,27909
NC,27910
NC,28001
NC,28012
NC,28017
NC,28025
NC,28027
NC,28034
NC,28035
NC,28054
NC,28105
NC,28109
NC,28110
NC,28115
NC,28117
NC,28135
NC,28144
NC,28146
NC,28152
NC,28160
NC,28174
NC,28202
NC,28203
NC,28204
NC,28205
NC,28208
NC,28212
NC,28213
NC,28214
NC,28216
NC,28217
NC,28223
NC,28226
NC,28244
NC,28262
NC,28273
NC,28274
NC,28301
NC,28303
NC,28311
NC,28314
NC,28329
NC,28332
NC,28334
NC,28345
NC,28349
NC,28352
NC,28360
NC,28365
NC,28372
NC,28374
NC,28401
NC,28403
NC,28405
NC,28422
NC,28472
NC,28502
NC,28529
NC,28540
NC,28546
NC,28557
NC,28562
NC,28590
NC,28601
NC,28602
NC,28604
NC,28608
NC,28638
NC,28655
NC,28677
NC,28679
NC,28697
NC,28712
NC,28721
NC,28723
NC,28731
NC,28752
NC,28754
NC,28757
NC,28777
NC,28778
NC,28779
NC,28787
NC,28801
NC,28803
NC,28804
NC,28805
NC,28906
SC,29020
SC,29042
SC,29073
SC,29108
SC,29114
SC,29115
SC,29117
SC,29118
SC,29150
SC,29169
SC,29170
SC,29201
SC,29203
SC,29204
SC,29208
SC,29209
SC,29210
SC,29212
SC,29223
SC,29301
SC,29302
SC,29303
SC,29307
SC,29316
SC,29325
SC,29340
SC,29379
SC,29401
SC,29403
SC,29406
SC,29407
SC,29409
SC,29410
SC,29412
SC,29418
SC,29420
SC,29423
SC,29424
SC,29425
SC,29445
SC,29488
SC,29501
SC,29506
SC,29520
SC,29526
SC,29550
SC,29556
SC,29560
SC,29572
SC,29574
SC,29577
SC,29579
SC,29601
SC,29606
SC,29607
SC,29611
SC,29613
SC,29614
SC,29615
SC,29621
SC,29624
SC,29630
SC,29634
SC,29639
SC,29646
SC,29649
SC,29670
SC,29688
SC,29720
SC,29730
SC,29733
SC,29801
SC,29803
SC,29810
SC,29829
SC,29841
SC,29901
SC,29909
GA,30013
GA,30021
GA,30030
GA,30032
GA,30033
GA,30034
GA,30035
GA,30038
GA,30043
GA,30044
GA,30047
GA,30060
GA,30062
GA,30067
GA,30071
GA,30076
GA,30080
GA,30083
GA,30084
GA,30092
GA,30093
GA,30094
GA,30096
GA,30097
GA,30118
GA,30127
GA,30135
GA,30141
GA,30144
GA,30149
GA,30161
GA,30165
GA,30182
GA,30183
GA,30204
GA,30213
GA,30214
GA,30223
GA,30236
GA,30240
GA,30260
GA,30267
GA,30286
GA,30297
GA,30303
GA,30309
GA,30310
GA,30313
GA,30314
GA,30315
GA,30316
GA,30318
GA,30319
GA,30322
GA,30324
GA,30326
GA,30328
GA,30331
GA,30332
GA,30338
GA,30339
GA,30340
GA,30341
GA,30342
GA,30344
GA,30345
GA,30349
GA,30350
GA,30360
GA,30401
GA,30445
GA,30458
GA,30460
GA,30474
GA,30501
GA,30504
GA,30523
GA,30528
GA,30534
GA,30535
GA,30566
GA,30582
GA,30597
GA,30598
GA,30601
GA,30602
GA,30606
GA,30639
GA,30680
GA,30720
GA,30721
GA,30750
GA,30809
GA,30901
GA,30904
GA,30906
GA,30907
GA,30909
GA,30912
GA,31014
GA,31021
GA,31030
GA,31061
GA,31082
GA,31088
GA,31093
GA,31201
GA,31206
GA,31207
GA,31210
GA,31211
GA,31401
GA,31402
GA,31404
GA,31405
GA,31406
GA,31419
GA,31503
GA,31520
GA,31533
GA,31545
GA,31602
GA,31605
GA,31698
GA,31701
GA,31705
GA,31707
GA,31709
GA,31750
GA,31788
GA,31792
GA,31793
GA,31833
GA,31903
GA,31904
GA,31906
GA,31907
GA,31909
FL,32025
FL,32064
FL,32065
FL,32073
FL,32084
FL,32086
FL,32091
FL,32114
FL,32119
FL,32137
FL,32162
FL,32164
FL,32174
FL,32177
FL,32202
FL,32204
FL,32205
FL,32207
FL,32208
FL,32209
FL,32210
FL,32211
FL,32216
FL,32221
FL,32224
FL,32225
FL,32244
FL,32246
FL,32256
FL,32303
FL,32304
FL,32306
FL,32307
FL,32312
FL,32340
FL,32348
FL,32401
FL,32405
FL,32428
FL,32433
FL,32440
FL,32446
FL,32502
FL,32504
FL,32514
FL,32526
FL,32547
FL,32570
FL,32578
FL,32601
FL,32606
FL,32607
FL,32608
FL,32611
FL,32701
FL,32703
FL,32707
FL,32714
FL,32720
FL,32723
FL,32726
FL,32730
FL,32746
FL,32750
FL,32751
FL,32765
FL,32773
FL,32789
FL,32792
FL,32801
FL,32803
FL,32804
FL,32807
FL,32809
FL,32810
FL,32811
FL,32816
FL,32819
FL,32825
FL,32826
FL,32835
FL,32837
FL,32901
FL,32904
FL,32905
FL,32922
FL,32935
FL,32953
FL,32960
FL,33004
FL,33010
FL,33012
FL,33014
FL,33015
FL,33016
FL,33021
FL,33023
FL,33024
FL,33025
FL,33026
FL,33027
FL,33030
FL,33040
FL,33054
FL,33060
FL,33062
FL,33063
FL,33064
FL,33068
FL,33101
FL,33122
FL,33124
FL,33125
FL,33126
FL,33127
FL,33130
FL,33132
FL,33133
FL,33134
FL,33135
FL,33139
FL,33140
FL,33141
FL,33142
FL,33144
FL,33146
FL,33147
FL,33155
FL,33156
FL,33157
FL,33160
FL,33161
FL,33162
FL,33165
FL,33166
FL,33169
FL,33172
FL,33173
FL,33174
FL,33175
FL,33176
FL,33177
FL,33178
FL,33181
FL,33183
FL,33186
FL,33193
FL,33199
FL,33301
FL,33304
FL,33306
FL,33307
FL,33308
FL,33309
FL,33311
FL,33313
FL,33314
FL,33316
FL,33317
FL,33319
FL,33324
FL,33326
FL,33328
FL,33334
FL,33351
FL,33401
FL,33403
FL,33405
FL,33407
FL,33409
FL,33411
FL,33413
FL,33415
FL,33416
FL,33417
FL,33426
FL,33431
FL,33432
FL,33433
FL,33434
FL,33435
FL,33436
FL,33441
FL,33455
FL,33461
FL,33463
FL,33484
FL,33487
FL,33574
FL,33602
FL,33605
FL,33606
FL,33607
FL,33609
FL,33610
FL,33611
FL,33612
FL,33613
FL,33614
FL,33617
FL,33618
FL,33619
FL,33620
FL,33624
FL,33625
FL,33626
FL,33634
FL,33637
FL,33701
FL,33702
FL,33708
FL,33710
FL,33711
FL,33716
FL,33755
FL,33756
FL,33759
FL,33760
FL,33761
FL,33763
FL,33764
FL,33765
FL,33770
FL,33771
FL,33773
FL,33777
FL,33781
FL,33801
FL,33803
FL,33805
FL,33825
FL,33827
FL,33859
FL,33860
FL,33881
FL,33903
FL,33907
FL,33912
FL,33913
FL,33916
FL,33919
FL,33948
FL,33965
FL,33966
FL,33993
FL,34104
FL,34108
FL,34119
FL,34135
FL,34142
FL,34201
FL,34203
FL,34207
FL,34208
FL,34209
FL,34210
FL,34231
FL,34233
FL,34234
FL,34235
FL,34240
FL,34243
FL,34420
FL,34450
FL,34471
FL,34474
FL,34606
FL,34652
FL,34653
FL,34654
FL,34655
FL,34668
FL,34684
FL,34741
FL,34744
FL,34747
FL,34748
FL,34759
FL,34769
FL,34787
FL,34788
FL,34946
FL,34952
FL,34981
FL,34982
FL,34994
AL,35010
AL,35022
AL,35064
AL,35071
AL,35077
AL,35115
AL,35160
AL,35208
AL,35209
AL,35211
AL,35215
AL,35216
AL,35221
AL,35224
AL,35229
AL,35242
AL,35243
AL,35244
AL,35254
AL,35294
AL,35401
AL,35403
AL,35405
AL,35470
AL,35476
AL,35487
AL,35501
AL,35611
AL,35630
AL,35632
AL,35661
AL,35671
AL,35758
AL,35762
AL,35801
AL,35805
AL,35806
AL,35810
AL,35811
AL,35816
AL,35896
AL,35899
AL,35903
AL,35950
AL,35951
AL,35957
AL,35986
AL,36022
AL,36082
AL,36088
AL,36101
AL,36104
AL,36106
AL,36108
AL,36109
AL,36111
AL,36114
AL,36116
AL,36117
AL,36265
AL,36276
AL,36303
AL,36330
AL,36401
AL,36420
AL,36426
AL,36460
AL,36507
AL,36526
AL,36535
AL,36561
AL,36603
AL,36604
AL,36606
AL,36608
AL,36609
AL,36613
AL,36688
AL,36701
AL,36703
AL,36756
AL,36849
AL,36869
TN,37013
TN,37027
TN,37040
TN,37042
TN,37044
TN,37055
TN,37064
TN,37066
TN,37067
TN,37074
TN,37087
TN,37110
TN,37115
TN,37128
TN,37129
TN,37132
TN,37146
TN,37160
TN,37203
TN,37204
TN,37205
TN,37206
TN,37207
TN,37208
TN,37209
TN,37210
TN,37211
TN,37212
TN,37214
TN,37217
TN,37218
TN,37228
TN,37240
TN,37303
TN,37311
TN,37312
TN,37315
TN,37320
TN,37321
TN,37334
TN,37354
TN,37355
TN,37371
TN,37383
TN,37388
TN,37403
TN,37404
TN,37406
TN,37411
TN,37415
TN,37421
TN,37601
TN,37614
TN,37615
TN,37617
TN,37620
TN,37643
TN,37682
TN,37743
TN,37748
TN,37752
TN,37756
TN,37757
TN,37760
TN,37804
TN,37813
TN,37825
TN,37909
TN,37917
TN,37918
TN,37919
TN,37921
TN,37922
TN,37923
TN,37932
TN,37933
TN,37996
TN,37998
TN,38016
TN,38018
TN,38019
TN,38024
TN,38059
TN,38063
TN,38075
TN,38103
TN,38104
TN,38105
TN,38107
TN,38111
TN,38112
TN,38117
TN,38118
TN,38119
TN,38125
TN,38126
TN,38128
TN,38132
TN,38133
TN,38134
TN,38137
TN,38152
TN,38163
TN,38201
TN,38238
TN,38242
TN,38301
TN,38305
TN,38310
TN,38327
TN,38340
TN,38351
TN,38358
TN,38375
TN,38401
TN,38462
TN,38464
TN,38478
TN,38501
TN,38505
TN,38555
TN,38570
MS,38610
MS,38614
MS,38635
MS,38637
MS,38663
MS,38668
MS,38671
MS,38677
MS,38701
MS,38733
MS,38761
MS,38801
MS,38829
MS,38834
MS,38843
MS,38863
MS,38901
MS,38941
MS,39050
MS,39051
MS,39056
MS,39058
MS,39073
MS,39079
MS,39096
MS,39110
MS,39154
MS,39157
MS,39174
MS,39191
MS,39202
MS,39204
MS,39206
MS,39208
MS,39210
MS,39211
MS,39212
MS,39216
MS,39217
MS,39232
MS,39286
MS,39307
MS,39327
MS,39358
MS,39401
MS,39402
MS,39406
MS,39437
MS,39440
MS,39470
MS,39501
MS,39503
MS,39507
MS,39532
MS,39564
MS,39573
MS,39666
MS,39701
MS,39762
GA,39819
GA,39840
KY,40061
KY,40202
KY,40203
KY,40204
KY,40205
KY,40207
KY,40216
KY,40218
KY,40219
KY,40222
KY,40223
KY,40228
KY,40229
KY,40243
KY,40245
KY,40258
KY,40280
KY,40291
KY,40292
KY,40324
KY,40347
KY,40351
KY,40353
KY,40356
KY,40383
KY,40390
KY,40404
KY,40422
KY,40475
KY,40502
KY,40503
KY,40504
KY,40505
KY,40506
KY,40508
KY,40509
KY,40511
KY,40514
KY,40517
KY,40601
KY,40744
KY,40769
KY,40823
KY,40831
KY,40906
KY,40962
KY,40965
KY,40977
KY,41017
KY,41018
KY,41042
KY,41056
KY,41071
KY,41073
KY,41099
KY,41101
KY,41143
KY,41169
KY,41339
KY,41385
KY,41501
KY,41503
KY,41653
KY,41701
KY,41749
KY,41844
KY,41858
KY,42001
KY,42002
KY,42066
KY,42071
KY,42101
KY,42103
KY,42104
KY,42141
KY,42164
KY,42240
KY,42241
KY,42301
KY,42303
KY,42420
KY,42431
KY,42501
KY,42701
KY,42718
KY,42728
OH,43015
OH,43022
OH,43023
OH,43026
OH,43029
OH,43050
OH,43055
OH,43064
OH,43078
OH,43081
OH,43082
OH,43110
OH,43113
OH,43123
OH,43125
OH,43130
OH,43201
OH,43207
OH,43209
OH,43210
OH,43211
OH,43213
OH,43214
OH,43215
OH,43216
OH,43219
OH,43220
OH,43222
OH,43224
OH,43228
OH,43229
OH,43230
OH,43231
OH,43232
OH,43235
OH,43240
OH,43302
OH,43311
OH,43403
OH,43420
OH,43502
OH,43512
OH,43528
OH,43537
OH,43551
OH,43560
OH,43604
OH,43605
OH,43606
OH,43613
OH,43614
OH,43615
OH,43616
OH,43623
OH,43701
OH,43725
OH,43762
OH,43920
OH,43950
OH,43952
OH,44004
OH,44011
OH,44017
OH,44021
OH,44022
OH,44026
OH,44035
OH,44047
OH,44052
OH,44060
OH,44070
OH,44074
OH,44077
OH,44087
OH,44092
OH,44094
OH,44095
OH,44102
OH,44103
OH,44106
OH,44107
OH,44109
OH,44112
OH,44113
OH,44114
OH,44115
OH,44116
OH,44118
OH,44119
OH,44120
OH,44121
OH,44122
OH,44124
OH,44125
OH,44126
OH,44128
OH,44129
OH,44130
OH,44131
OH,44136
OH,44137
OH,44139
OH,44141
OH,44143
OH,44147
OH,44203
OH,44212
OH,44221
OH,44224
OH,44234
OH,44240
OH,44242
OH,44256
OH,44260
OH,44266
OH,44272
OH,44305
OH,44306
OH,44310
OH,44313
OH,44319
OH,44320
OH,44321
OH,44325
OH,44333
OH,44406
OH,44429
OH,44432
OH,44446
OH,44460
OH,44483
OH,44484
OH,44503
OH,44505
OH,44509
OH,44512
OH,44515
OH,44555
OH,44601
OH,44646
OH,44663
OH,44667
OH,44677
OH,44685
OH,44691
OH,44702
OH,44705
OH,44709
OH,44710
OH,44718
OH,44720
OH,44805
OH,44839
OH,44846
OH,44857
OH,44870
OH,44875
OH,44883
OH,44901
OH,44903
OH,44905
OH,44906
OH,45005
OH,45011
OH,45014
OH,45036
OH,45040
OH,45042
OH,45044
OH,45056
OH,45066
OH,45069
OH,45103
OH,45106
OH,45118
OH,45133
OH,45177
OH,45202
OH,45203
OH,45204
OH,45206
OH,45207
OH,45208
OH,45211
OH,45212
OH,45213
OH,45215
OH,45219
OH,45220
OH,45221
OH,45223
OH,45224
OH,45227
OH,45230
OH,45233
OH,45236
OH,45237
OH,45239
OH,45240
OH,45241
OH,45242
OH,45245
OH,45246
OH,45249
OH,45255
OH,45314
OH,45315
OH,45342
OH,45356
OH,45373
OH,45384
OH,45385
OH,45387
OH,45402
OH,45408
OH,45414
OH,45417
OH,45420
OH,45424
OH,45426
OH,45429
OH,45431
OH,45433
OH,45435
OH,45439
OH,45440
OH,45459
OH,45469
OH,45501
OH,45504
OH,45505
OH,45551
OH,45601
OH,45619
OH,45631
OH,45638
OH,45640
OH,45648
OH,45661
OH,45662
OH,45674
OH,45680
OH,45701
OH,45750
OH,45764
OH,45801
OH,45804
OH,45805
OH,45806
OH,45807
OH,45810
OH,45817
OH,45822
OH,45840
OH,45875
OH,45891
IN,46001
IN,46012
IN,46013
IN,46016
IN,46032
IN,46060
IN,46112
IN,46123
IN,46131
IN,46135
IN,46143
IN,46202
IN,46204
IN,46208
IN,46214
IN,46218
IN,46219
IN,46222
IN,46224
IN,46227
IN,46237
IN,46239
IN,46240
IN,46241
IN,46250
IN,46256
IN,46268
IN,46278
IN,46322
IN,46323
IN,46324
IN,46342
IN,46360
IN,46375
IN,46383
IN,46385
IN,46391
IN,46394
IN,46408
IN,46409
IN,46410
IN,46513
IN,46516
IN,46517
IN,46526
IN,46530
IN,46534
IN,46545
IN,46556
IN,46590
IN,46601
IN,46634
IN,46635
IN,46703
IN,46750
IN,46803
IN,46804
IN,46805
IN,46808
IN,46809
IN,46815
IN,46825
IN,46835
IN,46901
IN,46902
IN,46904
IN,46952
IN,46953
IN,46962
IN,46989
IN,47129
IN,47130
IN,47150
IN,47172
IN,47203
IN,47243
IN,47250
IN,47302
IN,47303
IN,47306
IN,47374
IN,47404
IN,47405
IN,47577
IN,47591
IN,47630
IN,47660
IN,47710
IN,47712
IN,47715
IN,47722
IN,47802
IN,47803
IN,47807
IN,47809
IN,47876
IN,47901
IN,47904
IN,47905
IN,47907
IN,47933
IN,47978
MI,48017
MI,48033
MI,48035
MI,48036
MI,48040
MI,48047
MI,48060
MI,48061
MI,48066
MI,48067
MI,48071
MI,48075
MI,48076
MI,48080
MI,48083
MI,48084
MI,48085
MI,48088
MI,48089
MI,48092
MI,48098
MI,48101
MI,48103
MI,48105
MI,48108
MI,48109
MI,48116
MI,48124
MI,48126
MI,48127
MI,48128
MI,48150
MI,48152
MI,48154
MI,48161
MI,48170
MI,48180
MI,48184
MI,48185
MI,48187
MI,48188
MI,48193
MI,48195
MI,48197
MI,48201
MI,48202
MI,48204
MI,48206
MI,48207
MI,48220
MI,48221
MI,48226
MI,48228
MI,48237
MI,48238
MI,48239
MI,48304
MI,48307
MI,48309
MI,48313
MI,48315
MI,48322
MI,48326
MI,48329
MI,48331
MI,48334
MI,48341
MI,48344
MI,48377
MI,48423
MI,48439
MI,48473
MI,48502
MI,48503
MI,48504
MI,48507
MI,48508
MI,48603
MI,48609
MI,48625
MI,48629
MI,48640
MI,48653
MI,48708
MI,48710
MI,48801
MI,48823
MI,48824
MI,48843
MI,48846
MI,48858
MI,48859
MI,48867
MI,48885
MI,48901
MI,48910
MI,48911
MI,48912
MI,48915
MI,48917
MI,49002
MI,49003
MI,49006
MI,49008
MI,49009
MI,49015
MI,49017
MI,49022
MI,49032
MI,49036
MI,49047
MI,49076
MI,49080
MI,49085
MI,49104
MI,49201
MI,49202
MI,49221
MI,49224
MI,49242
MI,49283
MI,49307
MI,49401
MI,49422
MI,49423
MI,49441
MI,49442
MI,49454
MI,49456
MI,49503
MI,49504
MI,49506
MI,49508
MI,49509
MI,49512
MI,49519
MI,49525
MI,49544
MI,49546
MI,49601
MI,49686
MI,49707
MI,49715
MI,49770
MI,49783
MI,49829
MI,49855
MI,49908
MI,49930
MI,49931
MI,49938
IA,50010
IA,50011
IA,50023
IA,50112
IA,50125
IA,50126
IA,50131
IA,50140
IA,50158
IA,50219
IA,50266
IA,50309
IA,50311
IA,50312
IA,50316
IA,50321
IA,50322
IA,50323
IA,50325
IA,50401
IA,50436
IA,50501
IA,50588
IA,50613
IA,50614
IA,50677
IA,50701
IA,50703
IA,50801
IA,51041
IA,51102
IA,51103
IA,51104
IA,51106
IA,51201
IA,51250
IA,51334
IA,51360
IA,51503
IA,52001
IA,52003
IA,52004
IA,52045
IA,52101
IA,52132
IA,52136
IA,52142
IA,52205
IA,52240
IA,52242
IA,52245
IA,52247
IA,52314
IA,52402
IA,52404
IA,52406
IA,52501
IA,52557
IA,52577
IA,52627
IA,52641
IA,52655
IA,52722
IA,52733
IA,52801
IA,52803
IA,52806
IA,52807
WI,53005
WI,53015
WI,53022
WI,53024
WI,53045
WI,53058
WI,53072
WI,53073
WI,53094
WI,53097
WI,53121
WI,53132
WI,53140
WI,53141
WI,53142
WI,53144
WI,53182
WI,53186
WI,53190
WI,53201
WI,53202
WI,53203
WI,53207
WI,53210
WI,53212
WI,53214
WI,53217
WI,53220
WI,53221
WI,53222
WI,53224
WI,53225
WI,53226
WI,53228
WI,53233
WI,53234
WI,53403
WI,53511
WI,53546
WI,53547
WI,53548
WI,53562
WI,53566
WI,53590
WI,53701
WI,53704
WI,53706
WI,53708
WI,53711
WI,53713
WI,53715
WI,53717
WI,53718
WI,53719
WI,53809
WI,53818
WI,53913
WI,53963
WI,54022
WI,54115
WI,54119
WI,54135
WI,54157
WI,54220
WI,54303
WI,54304
WI,54305
WI,54307
WI,54311
WI,54313
WI,54401
WI,54403
WI,54474
WI,54481
WI,54494
WI,54501
WI,54601
WI,54602
WI,54650
WI,54701
WI,54702
WI,54751
WI,54806
WI,54821
WI,54843
WI,54871
WI,54880
WI,54901
WI,54903
WI,54911
WI,54912
WI,54914
WI,54915
WI,54935
WI,54936
WI,54956
WI,54971
MN,55012
MN,55033
MN,55044
MN,55057
MN,55063
MN,55066
MN,55068
MN,55076
MN,55101
MN,55102
MN,55104
MN,55105
MN,55106
MN,55108
MN,55109
MN,55110
MN,55112
MN,55113
MN,55119
MN,55120
MN,55121
MN,55125
MN,55128
MN,55303
MN,55305
MN,55306
MN,55330
MN,55337
MN,55344
MN,55347
MN,55375
MN,55379
MN,55387
MN,55401
MN,55402
MN,55403
MN,55404
MN,55405
MN,55414
MN,55415
MN,55416
MN,55420
MN,55423
MN,55425
MN,55426
MN,55428
MN,55430
MN,55431
MN,55432
MN,55433
MN,55434
MN,55435
MN,55438
MN,55445
MN,55446
MN,55447
MN,55449
MN,55454
MN,55455
MN,55720
MN,55731
MN,55744
MN,55746
MN,55792
MN,55802
MN,55807
MN,55811
MN,55812
MN,55901
MN,55902
MN,55904
MN,55905
MN,55906
MN,55912
MN,55987
MN,56001
MN,56003
MN,56073
MN,56082
MN,56187
MN,56201
MN,56241
MN,56258
MN,56267
MN,56301
MN,56303
MN,56308
MN,56321
MN,56374
MN,56387
MN,56401
MN,56470
MN,56537
MN,56557
MN,56560
MN,56562
MN,56563
MN,56601
MN,56633
MN,56649
MN,56701
MN,56716
SD,57007
SD,57042
SD,57069
SD,57078
SD,57103
SD,57104
SD,57105
SD,57107
SD,57108
SD,57117
SD,57197
SD,57201
SD,57262
SD,57301
SD,57401
SD,57555
SD,57701
SD,57703
SD,57706
SD,57752
SD,57799
ND,58072
ND,58076
ND,58102
ND,58103
ND,58108
ND,58201
ND,58202
ND,58257
ND,58301
ND,58316
ND,58318
ND,58335
ND,58405
ND,58436
ND,58501
ND,58504
ND,58506
ND,58538
ND,58601
ND,58701
ND,58707
ND,58763
ND,58801
MT,59022
MT,59043
MT,59101
MT,59102
MT,59255
MT,59301
MT,59330
MT,59401
MT,59405
MT,59417
MT,59501
MT,59521
MT,59526
MT,59601
MT,59625
MT,59701
MT,59715
MT,59717
MT,59718
MT,59725
MT,59801
MT,59808
MT,59812
MT,59840
MT,59855
MT,59901
IL,60004
IL,60012
IL,60014
IL,60015
IL,60016
IL,60030
IL,60045
IL,60048
IL,60056
IL,60060
IL,60061
IL,60064
IL,60067
IL,60076
IL,60077
IL,60085
IL,60090
IL,60101
IL,60106
IL,60108
IL,60115
IL,60118
IL,60120
IL,60123
IL,60126
IL,60133
IL,60137
IL,60139
IL,60143
IL,60148
IL,60150
IL,60160
IL,60162
IL,60165
IL,60171
IL,60173
IL,60178
IL,60181
IL,60187
IL,60192
IL,60201
IL,60208
IL,60302
IL,60305
IL,60402
IL,60404
IL,60406
IL,60409
IL,60411
IL,60426
IL,60431
IL,60435
IL,60446
IL,60451
IL,60452
IL,60453
IL,60455
IL,60457
IL,60463
IL,60465
IL,60467
IL,60473
IL,60477
IL,60484
IL,60487
IL,60504
IL,60506
IL,60515
IL,60517
IL,60523
IL,60527
IL,60532
IL,60540
IL,60542
IL,60543
IL,60554
IL,60561
IL,60601
IL,60602
IL,60603
IL,60604
IL,60605
IL,60606
IL,60607
IL,60609
IL,60610
IL,60612
IL,60613
IL,60615
IL,60616
IL,60617
IL,60618
IL,60621
IL,60622
IL,60625
IL,60626
IL,60628
IL,60629
IL,60630
IL,60631
IL,60632
IL,60634
IL,60637
IL,60638
IL,60639
IL,60640
IL,60642
IL,60647
IL,60652
IL,60654
IL,60655
IL,60656
IL,60657
IL,60659
IL,60660
IL,60707
IL,60714
IL,60803
IL,60804
IL,60901
IL,60914
IL,60915
IL,61021
IL,61032
IL,61081
IL,61108
IL,61114
IL,61201
IL,61244
IL,61265
IL,61270
IL,61301
IL,61348
IL,61401
IL,61455
IL,61462
IL,61520
IL,61530
IL,61602
IL,61603
IL,61611
IL,61614
IL,61615
IL,61625
IL,61635
IL,61701
IL,61702
IL,61761
IL,61764
IL,61790
IL,61801
IL,61820
IL,61821
IL,61822
IL,61832
IL,61920
IL,61938
IL,62002
IL,62025
IL,62026
IL,62028
IL,62035
IL,62056
IL,62205
IL,62208
IL,62221
IL,62226
IL,62234
IL,62246
IL,62254
IL,62278
IL,62298
IL,62301
IL,62305
IL,62450
IL,62454
IL,62521
IL,62522
IL,62523
IL,62626
IL,62650
IL,62656
IL,62702
IL,62703
IL,62704
IL,62707
IL,62712
IL,62769
IL,62794
IL,62801
IL,62837
IL,62846
IL,62863
IL,62896
IL,62901
IL,62918
IL,62946
IL,62992
MO,63010
MO,63011
MO,63017
MO,63026
MO,63031
MO,63033
MO,63040
MO,63042
MO,63043
MO,63045
MO,63050
MO,63074
MO,63077
MO,63080
MO,63084
MO,63090
MO,63102
MO,63103
MO,63105
MO,63107
MO,63108
MO,63110
MO,63113
MO,63114
MO,63118
MO,63119
MO,63121
MO,63122
MO,63124
MO,63126
MO,63127
MO,63128
MO,63129
MO,63130
MO,63132
MO,63134
MO,63135
MO,63136
MO,63141
MO,63143
MO,63144
MO,63146
MO,63301
MO,63303
MO,63304
MO,63344
MO,63376
MO,63385
MO,63401
MO,63435
MO,63501
MO,63601
MO,63640
MO,63701
MO,63703
MO,63801
MO,63851
MO,63857
MO,63901
MO,64014
MO,64055
MO,64057
MO,64067
MO,64068
MO,64079
MO,64081
MO,64083
MO,64089
MO,64093
MO,64106
MO,64108
MO,64109
MO,64110
MO,64111
MO,64112
MO,64114
MO,64116
MO,64117
MO,64118
MO,64120
MO,64127
MO,64129
MO,64131
MO,64132
MO,64133
MO,64136
MO,64137
MO,64138
MO,64145
MO,64147
MO,64152
MO,64153
MO,64156
MO,64433
MO,64468
MO,64506
MO,64507
MO,64601
MO,64683
MO,64701
MO,64735
MO,64772
MO,64801
MO,64804
MO,64836
MO,64850
MO,64870
MO,65020
MO,65026
MO,65051
MO,65101
MO,65109
MO,65201
MO,65202
MO,65203
MO,65211
MO,65215
MO,65216
MO,65233
MO,65248
MO,65251
MO,65270
MO,65301
MO,65340
MO,65401
MO,65409
MO,65483
MO,65536
MO,65583
MO,65584
MO,65613
MO,65685
MO,65726
MO,65746
MO,65775
MO,65802
MO,65803
MO,65804
MO,65806
MO,65807
MO,65897
KS,66002
KS,66006
KS,66035
KS,66045
KS,66046
KS,66048
KS,66061
KS,66062
KS,66067
KS,66102
KS,66112
KS,66203
KS,66204
KS,66210
KS,66211
KS,66212
KS,66213
KS,66214
KS,66215
KS,66219
KS,66224
KS,66226
KS,66502
KS,66503
KS,66506
KS,66601
KS,66604
KS,66606
KS,66611
KS,66621
KS,66701
KS,66720
KS,66749
KS,66762
KS,66801
KS,66901
KS,67005
KS,67042
KS,67059
KS,67062
KS,67063
KS,67117
KS,67124
KS,67156
KS,67203
KS,67206
KS,67207
KS,67210
KS,67211
KS,67212
KS,67213
KS,67226
KS,67260
KS,67301
KS,67337
KS,67357
KS,67401
KS,67420
KS,67456
KS,67460
KS,67501
KS,67530
KS,67579
KS,67601
KS,67701
KS,67735
KS,67801
KS,67846
KS,67901
NE,68005
NE,68008
NE,68025
NE,68039
NE,68046
NE,68071
NE,68106
NE,68108
NE,68111
NE,68112
NE,68114
NE,68123
NE,68124
NE,68127
NE,68131
NE,68134
NE,68137
NE,68154
NE,68164
NE,68178
NE,68182
NE,68198
NE,68333
NE,68421
NE,68434
NE,68467
NE,68501
NE,68504
NE,68506
NE,68508
NE,68510
NE,68516
NE,68526
NE,68583
NE,68588
NE,68702
NE,68787
NE,68802
NE,68849
NE,68901
NE,69025
NE,69101
NE,69337
NE,69341
NE,69361
LA,70001
LA,70002
LA,70003
LA,70005
LA,70043
LA,70053
LA,70056
LA,70058
LA,70062
LA,70084
LA,70087
LA,70112
LA,70114
LA,70118
LA,70119
LA,70122
LA,70123
LA,70124
LA,70125
LA,70126
LA,70131
LA,70148
LA,70301
LA,70310
LA,70360
LA,70363
LA,70380
LA,70395
LA,70401
LA,70402
LA,70403
LA,70427
LA,70433
LA,70441
LA,70457
LA,70458
LA,70460
LA,70501
LA,70503
LA,70506
LA,70508
LA,70510
LA,70526
LA,70535
LA,70546
LA,70560
LA,70570
LA,70582
LA,70586
LA,70601
LA,70605
LA,70607
LA,70616
LA,70714
LA,70726
LA,70737
LA,70748
LA,70760
LA,70764
LA,70778
LA,70802
LA,70803
LA,70805
LA,70806
LA,70808
LA,70809
LA,70813
LA,70815
LA,70816
LA,70817
LA,70836
LA,71052
LA,71055
LA,71103
LA,71105
LA,71106
LA,71107
LA,71108
LA,71109
LA,71111
LA,71115
LA,71118
LA,71134
LA,71201
LA,71202
LA,71203
LA,71209
LA,71220
LA,71221
LA,71241
LA,71245
LA,71270
LA,71272
LA,71273
LA,71282
LA,71291
LA,71292
LA,71295
LA,71301
LA,71302
LA,71327
LA,71334
LA,71359
LA,71360
LA,71373
LA,71446
LA,71449
LA,71458
LA,71463
LA,71483
LA,71497
AR,71601
AR,71603
AR,71635
AR,71655
AR,71656
AR,71701
AR,71730
AR,71731
AR,71753
AR,71801
AR,71802
AR,71832
AR,71854
AR,71901
AR,71913
AR,71923
AR,71953
AR,71998
AR,71999
AR,72012
AR,72032
AR,72034
AR,72035
AR,72076
AR,72104
AR,72110
AR,72112
AR,72114
AR,72116
AR,72117
AR,72118
AR,72143
AR,72201
AR,72202
AR,72204
AR,72205
AR,72207
AR,72209
AR,72210
AR,72211
AR,72212
AR,72227
AR,72301
AR,72316
AR,72335
AR,72342
AR,72401
AR,72450
AR,72455
AR,72476
AR,72501
AR,72503
AR,72556
AR,72601
AR,72653
AR,72701
AR,72703
AR,72712
AR,72756
AR,72761
AR,72762
AR,72764
AR,72801
AR,72802
AR,72830
AR,72901
AR,72903
AR,72908
AR,72913
OK,73008
OK,73013
OK,73018
OK,73019
OK,73020
OK,73034
OK,73036
OK,73038
OK,73050
OK,73069
OK,73095
OK,73096
OK,73099
OK,73104
OK,73106
OK,73107
OK,73108
OK,73110
OK,73111
OK,73114
OK,73115
OK,73116
OK,73118
OK,73120
OK,73127
OK,73128
OK,73132
OK,73134
OK,73139
OK,73142
OK,73149
OK,73159
OK,73160
OK,73162
OK,73170
OK,73401
OK,73460
OK,73501
OK,73505
OK,73521
OK,73533
OK,73624
OK,73703
OK,73717
OK,73737
OK,73764
OK,73801
OK,73939
OK,74006
OK,74011
OK,74012
OK,74017
OK,74023
OK,74030
OK,74055
OK,74063
OK,74074
OK,74075
OK,74078
OK,74104
OK,74105
OK,74106
OK,74107
OK,74115
OK,74116
OK,74120
OK,74129
OK,74132
OK,74133
OK,74134
OK,74135
OK,74145
OK,74146
OK,74171
OK,74331
OK,74347
OK,74354
OK,74361
OK,74362
OK,74401
OK,74403
OK,74447
OK,74462
OK,74464
OK,74465
OK,74469
OK,74501
OK,74525
OK,74571
OK,74578
OK,74601
OK,74653
OK,74701
OK,74743
OK,74745
OK,74801
OK,74802
OK,74804
OK,74820
OK,74868
OK,74883
OK,74953
OK,74955
OK,74959
OK,74960
TX,75001
TX,75006
TX,75020
TX,75038
TX,75039
TX,75040
TX,75041
TX,75042
TX,75043
TX,75050
TX,75051
TX,75052
TX,75061
TX,75062
TX,75063
TX,75067
TX,75069
TX,75075
TX,75080
TX,75081
TX,75090
TX,75093
TX,75104
TX,75110
TX,75115
TX,75116
TX,75134
TX,75149
TX,75150
TX,75160
TX,75165
TX,75201
TX,75202
TX,75204
TX,75206
TX,75207
TX,75208
TX,75209
TX,75211
TX,75214
TX,75215
TX,75217
TX,75220
TX,75224
TX,75227
TX,75229
TX,75231
TX,75234
TX,75235
TX,75237
TX,75241
TX,75243
TX,75244
TX,75246
TX,75247
TX,75248
TX,75251
TX,75275
TX,75390
TX,75402
TX,75429
TX,75455
TX,75460
TX,75494
TX,75503
TX,75599
TX,75602
TX,75607
TX,75633
TX,75662
TX,75670
TX,75672
TX,75701
TX,75702
TX,75708
TX,75751
TX,75765
TX,75766
TX,75798
TX,75799
TX,75801
TX,75902
TX,75904
TX,75951
TX,75961
TX,76006
TX,76010
TX,76011
TX,76012
TX,76013
TX,76015
TX,76017
TX,76018
TX,76021
TX,76039
TX,76040
TX,76053
TX,76059
TX,76086
TX,76092
TX,76102
TX,76103
TX,76105
TX,76107
TX,76109
TX,76112
TX,76115
TX,76116
TX,76117
TX,76129
TX,76132
TX,76137
TX,76180
TX,76201
TX,76203
TX,76205
TX,76240
TX,76308
TX,76310
TX,76384
TX,76401
TX,76437
TX,76470
TX,76504
TX,76513
TX,76528
TX,76543
TX,76549
TX,76645
TX,76705
TX,76706
TX,76708
TX,76711
TX,76798
TX,76801
TX,76903
TX,76904
TX,76909
TX,77002
TX,77004
TX,77005
TX,77006
TX,77008
TX,77021
TX,77022
TX,77024
TX,77026
TX,77027
TX,77029
TX,77030
TX,77032
TX,77035
TX,77036
TX,77038
TX,77040
TX,77041
TX,77042
TX,77043
TX,77054
TX,77055
TX,77056
TX,77057
TX,77058
TX,77060
TX,77061
TX,77063
TX,77065
TX,77067
TX,77068
TX,77069
TX,77071
TX,77073
TX,77074
TX,77079
TX,77081
TX,77082
TX,77083
TX,77084
TX,77087
TX,77090
TX,77091
TX,77092
TX,77098
TX,77099
TX,77204
TX,77340
TX,77373
TX,77381
TX,77384
TX,77446
TX,77477
TX,77488
TX,77501
TX,77502
TX,77505
TX,77511
TX,77520
TX,77546
TX,77550
TX,77554
TX,77555
TX,77566
TX,77587
TX,77591
TX,77598
TX,77627
TX,77630
TX,77640
TX,77656
TX,77701
TX,77705
TX,77706
TX,77802
TX,77803
TX,77807
TX,77833
TX,77840
TX,77843
TX,77845
TX,77901
TX,77902
TX,78028
TX,78040
TX,78041
TX,78102
TX,78130
TX,78155
TX,78201
TX,78203
TX,78204
TX,78207
TX,78209
TX,78212
TX,78213
TX,78215
TX,78216
TX,78217
TX,78218
TX,78221
TX,78224
TX,78226
TX,78228
TX,78229
TX,78230
TX,78232
TX,78238
TX,78249
TX,78250
TX,78251
TX,78259
TX,78283
TX,78363
TX,78404
TX,78410
TX,78412
TX,78414
TX,78415
TX,78416
TX,78501
TX,78502
TX,78503
TX,78504
TX,78520
TX,78521
TX,78539
TX,78550
TX,78560
TX,78572
TX,78577
TX,78586
TX,78596
TX,78599
TX,78613
TX,78626
TX,78628
TX,78660
TX,78664
TX,78666
TX,78681
TX,78701
TX,78702
TX,78704
TX,78705
TX,78712
TX,78723
TX,78724
TX,78726
TX,78727
TX,78728
TX,78729
TX,78730
TX,78731
TX,78735
TX,78745
TX,78752
TX,78753
TX,78757
TX,78758
TX,78759
TX,78801
TX,78852
TX,79008
TX,79016
TX,79072
TX,79103
TX,79106
TX,79109
TX,79121
TX,79226
TX,79336
TX,79401
TX,79407
TX,79409
TX,79410
TX,79411
TX,79414
TX,79423
TX,79430
TX,79549
TX,79556
TX,79602
TX,79605
TX,79697
TX,79698
TX,79699
TX,79703
TX,79705
TX,79720
TX,79762
TX,79764
TX,79832
TX,79903
TX,79907
TX,79912
TX,79915
TX,79924
TX,79925
TX,79927
TX,79930
TX,79935
TX,79936
TX,79968
CO,80002
CO,80003
CO,80010
CO,80011
CO,80012
CO,80014
CO,80017
CO,80021
CO,80027
CO,80031
CO,80111
CO,80112
CO,80120
CO,80122
CO,80123
CO,80124
CO,80134
CO,80138
CO,80160
CO,80202
CO,80203
CO,80204
CO,80206
CO,80208
CO,80210
CO,80212
CO,80214
CO,80215
CO,80217
CO,80218
CO,80220
CO,80221
CO,80222
CO,80223
CO,80226
CO,80227
CO,80228
CO,80229
CO,80230
CO,80231
CO,80233
CO,80234
CO,80236
CO,80239
CO,80246
CO,80247
CO,80301
CO,80302
CO,80305
CO,80309
CO,80401
CO,80501
CO,80523
CO,80525
CO,80528
CO,80538
CO,80631
CO,80632
CO,80639
CO,80701
CO,80751
CO,80840
CO,80866
CO,80903
CO,80906
CO,80907
CO,80909
CO,80910
CO,80911
CO,80915
CO,80916
CO,80918
CO,80919
CO,80920
CO,81001
CO,81004
CO,81005
CO,81050
CO,81052
CO,81082
CO,81101
CO,81102
CO,81231
CO,81301
CO,81328
CO,81416
CO,81501
CO,81504
CO,81506
CO,81601
CO,81648
WY,82001
WY,82007
WY,82009
WY,82071
WY,82072
WY,82240
WY,82435
WY,82501
WY,82601
WY,82801
WY,82902
ID,83202
ID,83209
ID,83221
ID,83301
ID,83318
ID,83338
ID,83402
ID,83404
ID,83440
ID,83460
ID,83501
ID,83605
ID,83642
ID,83651
ID,83686
ID,83687
ID,83704
ID,83705
ID,83709
ID,83713
ID,83714
ID,83725
ID,83814
ID,83815
ID,83843
ID,83844
UT,84003
UT,84010
UT,84015
UT,84020
UT,84032
UT,84037
UT,84041
UT,84042
UT,84043
UT,84047
UT,84057
UT,84058
UT,84066
UT,84070
UT,84074
UT,84088
UT,84095
UT,84101
UT,84102
UT,84105
UT,84106
UT,84107
UT,84111
UT,84112
UT,84115
UT,84117
UT,84118
UT,84119
UT,84120
UT,84123
UT,84129
UT,84321
UT,84322
UT,84401
UT,84403
UT,84404
UT,84405
UT,84408
UT,84501
UT,84601
UT,84602
UT,84604
UT,84606
UT,84627
UT,84651
UT,84660
UT,84720
UT,84721
UT,84770
UT,84780
UT,84790
AZ,85004
AZ,85006
AZ,85007
AZ,85012
AZ,85013
AZ,85014
AZ,85017
AZ,85018
AZ,85020
AZ,85021
AZ,85022
AZ,85027
AZ,85029
AZ,85032
AZ,85033
AZ,85034
AZ,85037
AZ,85040
AZ,85042
AZ,85043
AZ,85051
AZ,85053
AZ,85122
AZ,85128
AZ,85201
AZ,85202
AZ,85203
AZ,85206
AZ,85209
AZ,85210
AZ,85212
AZ,85222
AZ,85224
AZ,85225
AZ,85250
AZ,85251
AZ,85254
AZ,85255
AZ,85256
AZ,85257
AZ,85259
AZ,85261
AZ,85268
AZ,85281
AZ,85282
AZ,85283
AZ,85284
AZ,85286
AZ,85287
AZ,85301
AZ,85302
AZ,85306
AZ,85308
AZ,85323
AZ,85345
AZ,85365
AZ,85381
AZ,85392
AZ,85546
AZ,85552
AZ,85607
AZ,85634
AZ,85635
AZ,85704
AZ,85705
AZ,85706
AZ,85709
AZ,85710
AZ,85711
AZ,85712
AZ,85716
AZ,85719
AZ,85721
AZ,85745
AZ,86001
AZ,86004
AZ,86005
AZ,86011
AZ,86025
AZ,86301
AZ,86303
AZ,86314
AZ,86324
AZ,86403
AZ,86409
AZ,86426
AZ,86556
NM,87020
NM,87031
NM,87104
NM,87105
NM,87106
NM,87107
NM,87109
NM,87110
NM,87112
NM,87113
NM,87114
NM,87120
NM,87123
NM,87124
NM,87301
NM,87313
NM,87402
NM,87505
NM,87507
NM,87508
NM,87532
NM,87544
NM,87557
NM,87701
NM,87801
NM,88003
NM,88005
NM,88007
NM,88008
NM,88011
NM,88061
NM,88101
NM,88130
NM,88201
NM,88202
NM,88220
NM,88240
NM,88310
NM,88345
NM,88401
NV,89002
NV,89014
NV,89032
NV,89052
NV,89074
NV,89102
NV,89106
NV,89110
NV,89115
NV,89117
NV,89118
NV,89119
NV,89121
NV,89123
NV,89128
NV,89130
NV,89131
NV,89135
NV,89144
NV,89146
NV,89147
NV,89154
NV,89251
NV,89431
NV,89434
NV,89451
NV,89501
NV,89502
NV,89509
NV,89511
NV,89512
NV,89521
NV,89557
NV,89701
NV,89703
NV,89801
CA,90004
CA,90006
CA,90007
CA,90008
CA,90010
CA,90013
CA,90015
CA,90017
CA,90020
CA,90023
CA,90024
CA,90025
CA,90027
CA,90028
CA,90029
CA,90032
CA,90033
CA,90034
CA,90035
CA,90036
CA,90038
CA,90039
CA,90040
CA,90041
CA,90042
CA,90044
CA,90045
CA,90046
CA,90047
CA,90048
CA,90049
CA,90057
CA,90059
CA,90065
CA,90066
CA,90069
CA,90077
CA,90089
CA,90095
CA,90201
CA,90211
CA,90220
CA,90221
CA,90230
CA,90241
CA,90247
CA,90248
CA,90255
CA,90262
CA,90263
CA,90275
CA,90278
CA,90280
CA,90301
CA,90303
CA,90401
CA,90403
CA,90405
CA,90407
CA,90501
CA,90502
CA,90504
CA,90505
CA,90506
CA,90601
CA,90604
CA,90630
CA,90639
CA,90640
CA,90650
CA,90660
CA,90670
CA,90701
CA,90703
CA,90706
CA,90712
CA,90720
CA,90723
CA,90744
CA,90745
CA,90746
CA,90747
CA,90755
CA,90802
CA,90808
CA,90810
CA,90813
CA,90815
CA,90840
CA,91010
CA,91016
CA,91101
CA,91103
CA,91104
CA,91105
CA,91106
CA,91125
CA,91182
CA,91201
CA,91203
CA,91204
CA,91208
CA,91303
CA,91304
CA,91311
CA,91316
CA,91321
CA,91324
CA,91330
CA,91335
CA,91340
CA,91342
CA,91344
CA,91351
CA,91355
CA,91356
CA,91360
CA,91371
CA,91401
CA,91402
CA,91403
CA,91405
CA,91411
CA,91502
CA,91505
CA,91510
CA,91601
CA,91606
CA,91608
CA,91702
CA,91706
CA,91711
CA,91730
CA,91731
CA,91733
CA,91737
CA,91740
CA,91741
CA,91746
CA,91748
CA,91750
CA,91754
CA,91761
CA,91764
CA,91765
CA,91766
CA,91767
CA,91768
CA,91770
CA,91773
CA,91780
CA,91786
CA,91789
CA,91790
CA,91801
CA,91803
CA,91910
CA,91911
CA,91941
CA,91942
CA,91950
CA,92008
CA,92019
CA,92020
CA,92021
CA,92025
CA,92027
CA,92037
CA,92054
CA,92056
CA,92057
CA,92064
CA,92069
CA,92071
CA,92078
CA,92083
CA,92093
CA,92096
CA,92101
CA,92102
CA,92106
CA,92108
CA,92110
CA,92111
CA,92113
CA,92115
CA,92121
CA,92123
CA,92126
CA,92129
CA,92131
CA,92154
CA,92182
CA,92201
CA,92211
CA,92223
CA,92225
CA,92231
CA,92234
CA,92236
CA,92243
CA,92251
CA,92252
CA,92253
CA,92260
CA,92262
CA,92264
CA,92284
CA,92311
CA,92324
CA,92335
CA,92339
CA,92344
CA,92350
CA,92368
CA,92373
CA,92374
CA,92395
CA,92399
CA,92405
CA,92407
CA,92408
CA,92410
CA,92503
CA,92504
CA,92505
CA,92506
CA,92507
CA,92508
CA,92515
CA,92521
CA,92545
CA,92551
CA,92553
CA,92557
CA,92563
CA,92583
CA,92590
CA,92591
CA,92612
CA,92614
CA,92618
CA,92626
CA,92627
CA,92630
CA,92646
CA,92647
CA,92651
CA,92653
CA,92656
CA,92660
CA,92678
CA,92683
CA,92692
CA,92697
CA,92701
CA,92704
CA,92705
CA,92706
CA,92708
CA,92801
CA,92802
CA,92804
CA,92805
CA,92806
CA,92831
CA,92832
CA,92833
CA,92840
CA,92843
CA,92845
CA,92860
CA,92866
CA,92867
CA,92868
CA,92869
CA,92879
CA,92883
CA,93001
CA,93003
CA,93012
CA,93013
CA,93021
CA,93030
CA,93033
CA,93036
CA,93060
CA,93065
CA,93101
CA,93105
CA,93106
CA,93108
CA,93109
CA,93210
CA,93230
CA,93245
CA,93257
CA,93268
CA,93274
CA,93277
CA,93291
CA,93301
CA,93304
CA,93305
CA,93308
CA,93309
CA,93311
CA,93401
CA,93403
CA,93407
CA,93446
CA,93454
CA,93458
CA,93534
CA,93536
CA,93555
CA,93611
CA,93612
CA,93637
CA,93654
CA,93662
CA,93702
CA,93703
CA,93704
CA,93710
CA,93720
CA,93726
CA,93727
CA,93728
CA,93740
CA,93741
CA,93901
CA,93906
CA,93940
CA,93943
CA,93944
CA,93955
CA,93960
CA,94002
CA,94014
CA,94022
CA,94025
CA,94027
CA,94061
CA,94066
CA,94080
CA,94085
CA,94086
CA,94087
CA,94089
CA,94102
CA,94103
CA,94105
CA,94107
CA,94108
CA,94109
CA,94110
CA,94111
CA,94112
CA,94117
CA,94129
CA,94132
CA,94133
CA,94143
CA,94303
CA,94304
CA,94305
CA,94402
CA,94403
CA,94501
CA,94508
CA,94509
CA,94518
CA,94520
CA,94523
CA,94526
CA,94533
CA,94534
CA,94538
CA,94539
CA,94541
CA,94542
CA,94545
CA,94551
CA,94553
CA,94556
CA,94558
CA,94565
CA,94568
CA,94575
CA,94577
CA,94578
CA,94588
CA,94590
CA,94591
CA,94592
CA,94601
CA,94603
CA,94606
CA,94607
CA,94608
CA,94609
CA,94611
CA,94612
CA,94613
CA,94618
CA,94619
CA,94621
CA,94704
CA,94708
CA,94709
CA,94720
CA,94806
CA,94901
CA,94904
CA,94928
CA,94960
CA,95003
CA,95008
CA,95014
CA,95020
CA,95035
CA,95050
CA,95051
CA,95053
CA,95054
CA,95060
CA,95062
CA,95064
CA,95065
CA,95066
CA,95070
CA,95076
CA,95110
CA,95113
CA,95119
CA,95127
CA,95128
CA,95129
CA,95131
CA,95134
CA,95135
CA,95138
CA,95192
CA,95202
CA,95207
CA,95210
CA,95211
CA,95330
CA,95337
CA,95340
CA,95343
CA,95348
CA,95350
CA,95354
CA,95356
CA,95358
CA,95367
CA,95368
CA,95370
CA,95380
CA,95382
CA,95401
CA,95403
CA,95407
CA,95458
CA,95478
CA,95482
CA,95501
CA,95521
CA,95525
CA,95605
CA,95610
CA,95616
CA,95621
CA,95624
CA,95628
CA,95630
CA,95660
CA,95670
CA,95677
CA,95678
CA,95687
CA,95695
CA,95765
CA,95776
CA,95819
CA,95821
CA,95822
CA,95823
CA,95824
CA,95825
CA,95826
CA,95827
CA,95828
CA,95833
CA,95834
CA,95841
CA,95842
CA,95901
CA,95929
CA,95965
CA,95971
CA,95991
CA,95993
CA,96002
CA,96003
CA,96094
CA,96130
CA,96150
HI,96707
HI,96720
HI,96732
HI,96740
HI,96743
HI,96744
HI,96762
HI,96766
HI,96782
AS,96799
HI,96813
HI,96814
HI,96815
HI,96816
HI,96817
HI,96819
HI,96821
HI,96822
GU,96913
GU,96923
PW,96940
FM,96941
MP,96950
MH,96960
OR,97005
OR,97006
OR,97030
OR,97035
OR,97036
OR,97045
OR,97058
OR,97062
OR,97070
OR,97086
OR,97103
OR,97116
OR,97123
OR,97128
OR,97132
OR,97141
OR,97201
OR,97202
OR,97203
OR,97204
OR,97205
OR,97209
OR,97210
OR,97211
OR,97215
OR,97216
OR,97218
OR,97219
OR,97220
OR,97223
OR,97224
OR,97225
OR,97230
OR,97232
OR,97239
OR,97266
OR,97267
OR,97301
OR,97305
OR,97306
OR,97317
OR,97321
OR,97331
OR,97333
OR,97361
OR,97365
OR,97366
OR,97373
OR,97401
OR,97403
OR,97405
OR,97420
OR,97470
OR,97477
OR,97501
OR,97504
OR,97520
OR,97526
OR,97527
OR,97601
OR,97603
OR,97701
OR,97703
OR,97801
OR,97850
OR,97914
WA,98001
WA,98002
WA,98003
WA,98005
WA,98007
WA,98011
WA,98028
WA,98033
WA,98034
WA,98036
WA,98043
WA,98052
WA,98056
WA,98057
WA,98083
WA,98092
WA,98101
WA,98103
WA,98104
WA,98105
WA,98106
WA,98109
WA,98110
WA,98115
WA,98119
WA,98121
WA,98122
WA,98125
WA,98133
WA,98144
WA,98168
WA,98188
WA,98195
WA,98198
WA,98201
WA,98203
WA,98208
WA,98225
WA,98226
WA,98249
WA,98260
WA,98273
WA,98337
WA,98339
WA,98362
WA,98370
WA,98374
WA,98402
WA,98405
WA,98407
WA,98409
WA,98416
WA,98424
WA,98447
WA,98466
WA,98498
WA,98499
WA,98503
WA,98505
WA,98512
WA,98520
WA,98531
WA,98632
WA,98661
WA,98663
WA,98684
WA,98801
WA,98837
WA,98901
WA,98902
WA,98903
WA,98907
WA,98926
WA,98944
WA,98948
WA,99004
WA,99037
WA,99164
WA,99201
WA,99202
WA,99205
WA,99206
WA,99207
WA,99212
WA,99216
WA,99217
WA,99218
WA,99224
WA,99251
WA,99258
WA,99301
WA,99324
WA,99336
WA,99352
WA,99354
WA,99362
AK,99507
AK,99508
AK,99588
AK,99645
AK,99664
AK,99669
AK,99686
AK,99723
AK,99775
AK,99801
